,authors,age
2468,3300,6
175,209,21
820,1297,12
3975,4160,16
4351,2254,20
6035,1905,6
6625,2051,9
5973,837,25
7161,2952,7
6840,3972,4
3976,3959,13
5666,2471,10
7370,3860,16
3861,2465,8
6230,3320,10
3671,2614,9
7810,1652,6
354,1511,9
5070,3005,44
5633,3678,5
1302,3855,64
539,1238,11
4159,2967,16
5604,4228,22
2647,1952,5
7754,2364,3
3676,1612,5
5468,4019,10
3972,2374,7
1928,1906,17
5489,4104,6
7780,789,3
7587,3127,6
1323,4060,5
7334,3883,11
6525,752,7
2883,1213,14
812,1307,4
230,3741,15
7820,519,10
4815,1056,10
5709,2802,8
1502,3364,22
123,119,8
5659,1300,5
7982,2044,7
2931,1235,8
13,1345,6
685,836,17
5146,1085,26
5974,693,4
3746,3116,11
3430,2123,14
2977,1487,14
1699,147,6
970,1449,22
2367,3044,5
7600,1894,11
7645,2827,9
3455,2051,9
5660,3944,14
1371,982,24
7261,4183,14
5918,1195,9
4622,1991,7
258,976,14
3854,1189,9
2702,3113,4
146,1515,8
768,3032,19
5029,796,12
3421,2165,7
1920,2362,16
1328,1926,16
6099,1970,11
1810,4113,97
173,1641,21
7281,944,13
1100,1271,31
6524,4300,11
6245,2344,7
1210,3409,6
7304,1405,11
4959,2832,15
5813,1329,19
5433,2098,13
7683,613,3
7914,1530,10
7591,1175,11
4809,4215,55
2901,992,18
2335,387,4
5431,74,27
7506,3055,7
5490,393,11
3076,701,3
3983,2486,5
7089,4275,16
7760,461,23
2722,3802,4
3515,29,7
7602,2246,7
7475,2263,8
6209,601,3
7427,536,5
7102,111,9
5746,2917,9
3240,1822,5
2782,62,10
3138,3876,8
5293,3966,6
6657,582,5
7292,2459,5
2079,289,13
7138,814,4
6814,2599,8
2910,132,6
5687,2375,9
3700,236,11
5206,3458,16
3962,4288,10
6848,2855,12
6183,229,12
379,1838,11
1550,10,12
3929,1852,8
4527,1989,7
740,2175,4
2827,3078,29
4353,2038,6
5684,332,80
2122,3021,5
631,2739,7
525,2214,51
1465,3245,89
6001,285,13
4679,4351,7
1712,1006,9
3925,3609,6
1056,1393,16
7022,2724,7
4659,2422,9
2923,506,20
7341,3864,26
521,2719,3
1775,572,7
6639,3324,13
2433,19,13
4965,3599,17
5907,2784,13
6113,4344,5
7288,3173,16
1525,2198,8
6717,1,12
7766,689,3
7804,2508,6
7927,961,10
5533,978,16
3164,1797,8
2273,784,10
6885,2064,15
3789,1885,3
4391,2922,18
2871,1086,38
1848,1396,6
1130,4335,43
7879,3607,9
2746,3092,13
2518,1467,25
5612,3757,7
905,2886,17
1131,3246,4
2390,1384,9
1494,540,4
4514,1848,4
3655,2972,7
1571,188,9
851,1589,12
7844,828,6
1382,4127,3
5322,3514,38
2015,1695,8
2843,1722,14
7958,3288,8
4375,1458,19
1806,3225,25
7647,954,6
2587,293,8
287,2348,53
41,1199,14
4452,2100,10
2570,3650,7
1601,3258,19
234,3492,9
6564,2267,7
5236,196,14
4354,749,3
2629,2365,6
2732,2126,15
3604,1338,10
5077,635,52
5977,1529,7
7742,3825,18
1189,616,3
4336,3587,7
1951,3897,14
1936,3886,16
85,1121,20
6924,1637,6
6783,3344,10
4915,505,5
5761,3918,13
5036,1773,3
6036,1702,7
994,4184,8
2234,3215,17
7118,3879,6
1147,111,9
415,1336,25
2625,46,12
2527,4314,11
5280,2305,4
4939,2976,9
2033,471,16
4603,67,7
7671,221,7
4365,797,5
3966,1985,6
7924,4263,5
4538,3370,8
5500,1830,8
5304,73,19
7636,3676,3
3375,2887,51
3692,740,4
1748,309,8
3552,670,8
5837,3900,15
4337,1174,6
5112,598,8
2322,593,12
4889,2744,9
1931,394,12
800,2223,9
3318,547,5
2056,1677,14
2664,3661,6
6712,2764,8
7128,2076,7
7650,245,11
6674,3424,8
3315,2346,8
5939,4301,4
3233,1430,12
5278,626,18
2471,729,15
4516,2038,10
6769,3419,5
2294,733,12
2051,2930,7
4582,852,11
2055,3059,31
122,879,40
2780,4107,6
2514,1357,39
4785,384,14
3849,1898,27
4585,313,22
7526,2827,9
5965,822,3
5415,2803,19
3036,1152,21
1479,1495,12
1538,4219,54
898,1758,7
6236,1092,9
6852,2855,12
6966,107,23
5335,3525,11
595,2520,25
7269,1469,7
6452,1130,5
7552,1389,13
6977,3120,7
2997,4358,10
6835,3611,7
650,2800,25
5201,2408,14
2231,821,19
7534,2998,8
6141,3163,7
5455,176,10
1823,1144,12
4632,326,18
4084,2210,17
1350,855,29
3073,3452,7
3613,2163,9
2080,2725,7
2742,1913,7
3668,3173,14
7319,3174,7
6887,2273,9
3540,1639,5
6254,3783,6
6556,64,17
4184,3357,16
7724,1757,21
6319,1233,4
290,1202,18
4302,820,26
4071,3781,6
6608,1105,5
6436,195,8
6106,3066,10
100,3066,10
5202,2411,20
6638,3194,7
5853,3872,6
3685,2573,10
4343,2242,5
2713,3175,7
5190,769,51
518,2985,7
4271,2412,19
5923,4101,4
1992,1603,16
5912,966,28
3597,2662,8
6904,1232,18
358,3776,14
3847,98,24
4631,1373,6
645,3318,34
2384,4107,22
919,2361,33
1379,3391,28
3788,3034,8
754,667,18
661,3126,12
5476,1890,5
709,1434,13
4812,274,8
5009,627,5
2930,3828,14
4344,3372,7
7769,2558,8
3245,3408,8
6204,3459,4
2750,2674,12
696,1423,29
5192,3070,12
6703,1558,5
847,3233,16
2432,1741,9
1001,1788,14
814,4330,5
4287,957,9
5713,1107,14
6971,2641,9
2699,3064,10
6028,375,26
1017,924,14
959,4378,12
6394,431,5
5629,3582,8
1229,4244,29
7736,1458,6
5824,2341,9
7877,2998,9
1355,514,17
2771,286,12
2014,1695,8
846,65,7
7279,3445,5
218,4081,21
2638,564,4
2698,1044,15
7521,1480,14
316,1561,3
5085,1286,11
2840,1043,17
399,56,32
7992,1324,5
1061,1607,9
6131,927,14
1879,2212,6
5320,2870,38
541,1507,11
1619,3134,6
7797,3628,3
673,3253,13
1734,3053,11
5494,3400,8
5992,1563,25
489,989,13
3122,185,8
4906,3775,5
2316,2353,8
3622,890,28
1175,2078,18
23,2451,8
7800,2414,9
4700,399,11
2476,3211,7
6549,824,4
6302,3105,12
4627,699,15
6053,2287,5
5008,1024,56
765,3032,20
3762,929,8
6066,1255,10
5571,3752,7
7577,1687,39
3665,2283,12
1586,1262,14
2038,3472,3
7157,1442,16
4067,2488,15
7678,3862,4
7362,2807,7
7811,1625,6
7390,2827,10
2020,1378,14
5536,1600,16
2063,380,24
2095,1601,9
419,2538,9
1719,3838,40
1339,873,27
5250,3887,16
285,2775,31
441,2113,9
5781,3404,87
6004,121,18
4075,2328,6
1679,4332,11
7027,554,9
6663,3573,15
1190,4042,5
7670,868,4
6086,1676,10
3836,2345,9
2409,4222,9
2164,1093,4
2186,2738,8
6516,3446,5
2593,2498,8
6603,2862,5
2792,587,5
5860,3143,8
1915,383,12
6213,963,31
1798,1995,9
3517,1268,12
6460,2299,7
1593,566,26
4056,2655,7
5038,1185,23
1049,24,33
4680,1991,13
1206,3953,4
1831,3342,9
5397,1812,4
5593,4062,20
6831,3032,20
4600,275,39
5547,1024,6
3729,3873,6
699,2903,8
429,1892,11
439,531,12
802,3929,13
1097,358,20
7909,1568,15
2192,1948,7
6308,3284,7
466,2811,40
6248,3682,7
3111,927,14
7192,1621,11
5065,3201,20
2574,16,12
693,695,3
6678,59,10
3196,3478,30
1151,1020,4
4584,4084,12
2905,3552,4
6033,3662,4
6634,732,10
6669,394,14
4847,1813,9
2373,3761,3
805,1760,22
487,2059,4
7492,2857,9
5990,1135,11
3094,3177,7
5752,2600,27
975,1964,9
4294,3699,16
3947,3592,7
4334,3718,6
7227,1684,8
5702,870,11
1758,3303,37
7608,397,10
4563,2568,11
4981,3361,7
1985,980,25
2320,3078,15
6234,929,10
2688,1931,7
1352,744,46
2528,1500,13
2612,3305,4
1172,3924,4
7024,2000,8
4270,2337,3
1788,8,15
5654,1524,6
736,1834,9
2946,2968,5
5484,436,5
4562,3555,8
1025,2431,8
1078,1241,8
524,1782,17
787,1261,11
2543,297,10
1612,1951,14
2423,4293,10
6724,2923,4
4996,998,9
304,4088,3
3838,2424,3
5424,3312,9
620,3989,5
1870,1907,13
7013,1541,44
5758,2015,10
3513,3614,7
1558,202,10
1531,640,18
284,2073,9
7748,3692,4
7727,3574,3
6988,3487,4
6297,25,7
5759,2863,8
267,105,6
5152,2180,47
532,1078,58
5130,1451,12
2107,1822,5
5620,886,20
1037,1154,31
7312,3879,10
2436,683,8
3694,891,146
4961,4219,54
1755,3791,9
4502,906,25
7274,1540,5
2029,2541,11
2658,1471,13
2791,4123,13
5729,633,10
5902,3195,10
4117,4367,19
5994,1917,11
7625,650,3
845,3334,26
7863,351,12
5090,2381,10
4885,2650,11
5151,4062,12
1293,3586,34
1919,1252,19
5128,3265,7
2875,1544,8
292,1614,6
4520,331,23
1164,4364,27
4911,1864,9
4875,1356,15
4295,104,13
5515,3095,7
6510,3486,8
680,2152,5
124,471,16
6776,1922,13
5022,553,20
1453,2763,6
3063,1519,10
3409,2,5
7009,3788,6
7954,1735,11
1614,4239,8
2455,255,4
7713,3085,5
5277,187,16
5835,3263,35
6505,4056,5
7,3978,8
4980,4035,4
256,3226,6
967,3142,34
1982,3003,27
1635,263,23
4321,2076,7
4429,2312,27
1785,1484,8
7838,829,10
1030,2070,22
2936,3669,18
7976,1413,8
871,4072,6
7371,4023,5
2562,1404,2
3586,2369,5
1680,2792,47
57,1582,4
7641,3934,5
1599,994,15
3782,2463,20
4748,885,11
7513,1793,4
4696,3838,49
133,1578,14
833,2132,8
1950,940,25
6437,745,8
5074,207,15
6049,2980,3
4843,2376,10
5462,1034,7
2728,2931,9
980,1473,21
7005,1672,11
7669,172,33
7817,2591,10
6932,1242,7
7414,2843,4
3465,2035,6
1215,3382,5
501,2999,7
7216,2597,7
1872,2717,9
4899,4193,14
6771,2611,9
3077,753,4
6329,4256,4
1383,3619,3
7738,3386,4
3508,1062,13
7401,618,4
3262,2288,7
161,1057,30
5539,1915,15
2749,3310,8
1953,3964,18
6179,1305,15
5041,2095,9
4674,893,10
5410,3144,5
7487,1118,8
5060,4101,5
2738,1955,7
7790,949,7
932,3621,25
1973,2206,62
1411,492,3
5088,391,17
1726,962,10
227,2406,17
838,79,32
2493,1480,15
6626,2738,8
1528,1348,22
7512,3464,3
7978,1104,5
5737,3598,12
717,1497,7
5051,542,5
4926,1930,9
3317,2006,7
3015,2298,13
3473,2661,13
5834,3263,39
4008,1971,14
6003,763,31
506,3015,33
5164,2050,13
7951,1720,7
7962,4204,8
3459,34,6
5821,122,22
342,2288,7
6533,2308,13
1497,4120,5
3343,106,5
931,3890,20
5838,1027,13
5521,3865,34
4805,3356,10
5652,2909,20
2837,256,11
5271,3110,13
1092,642,4
6135,4064,7
303,780,4
5114,2793,21
2992,3169,6
7870,389,8
1495,3199,10
1661,284,23
887,1840,18
51,1037,7
4030,144,66
1633,2637,11
2428,170,4
6969,281,21
6409,3624,5
7101,1074,16
203,37,85
3710,2404,9
3302,2500,8
1373,3510,17
2966,380,9
1248,942,4
3844,3482,8
3980,741,4
3702,2432,10
7618,2816,31
6984,2372,7
7142,3473,4
3837,3480,9
2474,4102,24
2600,534,5
1443,183,13
2968,3093,35
3817,2691,15
31,3106,19
4042,1426,12
7765,2021,5
6389,2664,9
4907,4143,17
4669,4277,9
1869,3915,31
423,990,11
1705,1901,8
2004,2159,8
774,3539,12
151,1611,5
3953,470,4
7468,1721,7
5804,1196,14
5855,1183,8
6996,1698,8
4874,3345,16
6309,3060,8
263,392,17
3476,2453,6
534,2134,10
1459,4258,7
4347,2492,8
5762,553,8
3431,4132,13
1968,2131,39
590,4131,11
4897,3345,41
6091,1767,7
6934,1296,9
5150,2697,10
3882,2420,8
1592,3868,6
580,1576,14
6250,3967,3
5072,1362,7
2339,159,7
3145,911,10
44,1340,6
3942,2843,9
7531,82,25
5312,1750,20
3050,2642,9
2267,1845,14
5663,3710,4
5953,240,15
6945,2806,5
2145,570,5
4376,1825,24
7989,4373,28
660,1452,23
1864,4055,5
388,839,36
1643,4117,22
4933,4077,38
4083,2210,13
3731,1958,5
268,2649,26
2988,3564,7
2796,4047,6
865,3380,7
877,2017,66
5643,4366,5
5451,3130,5
6123,3608,7
3793,2304,5
1639,3402,7
212,2810,9
5351,2692,29
1451,1871,10
4949,4087,4
3414,348,18
4366,3029,8
7169,461,10
2203,68,13
4195,1562,7
4033,2287,5
7045,249,4
7878,367,7
7568,4071,5
6487,4264,8
3212,1206,6
4479,2173,4
6128,410,9
5609,1237,5
1388,91,10
550,2986,9
1997,4012,20
2336,2203,11
1312,1212,31
7196,3173,12
5700,2018,7
5731,4080,4
4676,2786,7
3598,2740,42
1709,2055,9
1918,2906,17
1357,318,6
825,1642,26
7638,3087,3
3079,2197,3
2133,1949,9
7675,2484,8
3509,4162,7
7950,4290,11
6952,337,24
1032,2623,9
7902,4236,5
1594,3050,17
6379,3819,30
7415,442,19
1733,89,34
7398,3013,5
3697,455,9
5438,1594,20
925,1397,42
3137,756,42
6177,3365,8
5787,844,11
7278,2771,5
5810,2760,7
7083,981,10
1786,2137,11
5692,3049,11
3771,2642,5
2315,2189,11
5116,1276,15
4432,2317,25
4732,1013,7
5492,604,4
6970,281,32
7421,4248,49
4521,517,27
2677,4266,6
3217,762,9
6818,2469,9
1991,1098,25
6985,51,15
5313,1163,12
1520,984,6
2434,1446,4
7441,188,9
1665,3290,45
3672,2742,6
1900,2084,9
4152,960,23
678,2680,22
1391,3259,7
5370,1023,4
684,4168,5
6175,3856,6
3601,3805,6
50,3767,6
3638,3936,6
7764,1412,8
5972,404,13
1557,1704,13
189,3496,4
5592,9,10
2256,878,16
4136,93,12
5215,1770,62
3205,3069,5
7250,2490,9
5276,1321,6
4447,512,13
4948,1108,15
1965,2199,47
4925,1371,7
2642,15,27
4619,2735,12
3102,723,3
5401,2666,8
7880,319,14
6435,1366,8
5047,3960,22
2689,1693,15
4359,3343,10
6544,0,18
5406,1084,12
1091,2885,6
6080,3643,6
6413,4145,8
1160,3991,6
348,1847,43
1561,1372,8
5743,2251,38
5333,178,3
701,1941,19
1090,4304,8
2242,1460,8
4296,3037,5
5018,3220,9
2865,713,8
6453,1176,28
7938,2536,7
6960,1436,12
3085,31,14
1911,3841,7
2920,35,7
4586,2009,9
2583,3723,7
2325,1934,8
6892,1106,19
6998,1222,9
5499,3744,15
7199,3381,8
7453,2575,6
282,1431,8
5332,4069,5
4886,3600,18
6903,1232,15
2464,2371,3
2919,1865,15
5075,1184,15
3910,4107,22
4423,2990,7
601,2100,10
7109,220,6
2864,1716,8
1615,2249,47
7528,1470,4
3026,2200,6
317,2073,10
1620,97,20
6891,541,11
7178,4382,8
5043,636,35
6398,3589,5
7858,3379,6
7485,221,7
4941,1710,8
1682,1145,24
5003,3052,14
265,3264,4
4419,4094,10
207,443,5
7674,4340,6
677,1939,17
4312,3924,4
6271,3520,6
4332,594,6
3383,2308,13
6813,512,4
2679,3572,17
1836,2089,13
5446,1028,14
2715,157,12
5760,591,5
1325,4060,5
3816,3417,7
7343,3863,20
7537,3165,4
4772,2427,5
5347,2332,5
4254,1938,23
4945,2686,625
2205,1609,9
3505,2238,11
2872,2853,9
7771,3580,7
5596,4189,12
5306,2961,6
6543,1147,23
1782,1169,14
1186,3648,16
5556,3581,6
5225,553,30
1718,1270,10
2017,3948,7
4201,3706,6
7440,2775,37
76,3452,7
6100,2962,9
4863,4171,34
6911,65,7
387,1094,9
2189,234,6
153,1877,11
4731,310,6
5028,2802,5
1069,3558,20
1158,2351,6
2859,2778,4
3632,937,6
7310,2184,9
7698,1841,8
6142,2508,6
4237,4005,69
6579,3534,6
4204,1073,18
4461,1798,12
7445,1678,6
6458,3056,4
5707,3935,28
3256,4299,8
7379,3609,6
7919,774,7
623,2871,16
563,1897,10
3163,3561,7
531,2277,11
1861,307,18
5251,951,13
320,1334,46
6531,1979,8
5109,3815,7
1647,1226,8
6027,2860,5
1771,4194,21
3797,1408,7
1139,1347,25
1976,382,12
688,3499,37
4384,2102,5
5204,2409,19
2669,726,12
4570,859,3
5638,227,10
3555,440,2
962,4046,4
4569,324,33
297,328,3
748,3644,17
7640,917,11
1791,3884,3
4754,3286,4
5309,1155,24
7082,2550,12
1244,3675,17
7085,3168,8
7652,3099,8
5187,2583,7
14,1136,8
1515,198,4
1103,1125,18
448,2820,19
7716,1254,17
2167,1572,30
66,451,24
1338,4268,26
2523,1234,8
5927,124,11
1344,2056,10
3911,1900,11
5786,1690,15
4637,1180,9
4499,4274,18
3067,3802,3
5802,1533,23
852,315,15
3954,2001,8
2065,380,17
7893,705,3
1694,1909,19
4382,1630,28
1990,1889,27
101,342,17
5602,4255,21
5295,702,25
2509,2646,13
2070,1151,5
2064,380,22
25,2124,6
4852,3245,13
2975,2074,5
6577,2837,8
1405,4015,20
5305,72,19
3545,2895,6
4364,275,28
5274,1744,37
2113,2576,8
6982,3439,7
2631,2929,6
761,4331,11
1910,1251,24
7124,3456,7
4156,2779,5
3496,2108,8
6260,3931,7
5924,2767,17
37,1331,28
1372,1768,10
120,3542,6
5408,77,15
4606,3908,11
4024,3946,4
3737,4149,3
3295,896,9
6491,4116,6
2280,4108,14
1195,4151,19
3893,1310,10
1286,4061,11
2282,4109,15
5705,898,23
2054,291,7
2161,413,12
7846,908,10
2866,543,7
7221,3864,25
3766,2840,5
858,1682,15
4108,2743,4
2531,3954,18
3171,658,8
1698,458,11
137,417,5
7044,723,3
3553,352,8
3032,3271,3
570,1696,14
2613,3046,9
1031,2186,11
7895,1317,6
6541,3454,7
3223,1601,9
2598,78,5
584,2653,25
3639,2208,4
2115,222,8
6055,3789,7
5230,843,14
2895,866,13
4011,768,19
7629,1912,5
21,3762,6
5376,2979,7
523,374,8
5782,3984,27
6029,3460,8
2351,1460,11
324,712,21
1218,348,18
1741,2335,10
6076,1075,8
6750,622,11
7429,2631,9
6967,107,16
3809,3376,6
1346,539,5
6477,3623,5
2477,3575,4
2314,804,3
7609,2386,6
2197,179,8
2104,651,11
398,3204,19
3379,2681,7
3437,4020,3
6688,622,14
3113,1647,8
3959,3239,4
2513,3466,7
2651,1365,6
3336,912,35
1435,538,7
2013,3272,9
1817,856,3
2721,4197,15
2500,643,30
591,23,8
5580,1593,16
3494,454,14
517,3094,4
3480,254,17
5529,4295,32
6387,3515,7
944,1188,20
1087,2211,24
5353,3051,17
409,2910,8
2626,987,12
1142,1424,14
1101,235,50
7136,4155,32
3487,4059,10
5742,1215,8
1523,3145,7
6957,3994,7
3156,1639,5
3640,276,10
4125,3670,5
4776,1789,6
7339,2827,10
1474,2554,27
5403,639,29
7576,4083,4
5614,3777,21
2733,347,7
5374,634,58
7907,1625,7
1527,3157,9
1688,1566,6
2990,4325,6
4357,379,21
1829,1053,19
3818,4052,38
7851,4031,4
1711,2400,9
5480,429,5
6450,3885,11
947,2788,18
5611,4230,10
7616,2477,10
3105,3385,2
1247,1407,4
5563,1762,56
5169,669,12
4991,1216,22
4532,4024,6
6349,3818,4
1704,3506,26
2986,803,10
3271,3505,6
1546,2355,45
5132,76,8
5829,427,74
7686,1730,8
339,4270,16
4670,1551,11
2441,803,10
333,4030,13
5911,2638,4
3040,2724,7
3452,829,6
5749,1739,5
2520,45,5
4848,1014,13
5453,783,4
4050,1962,8
7562,193,4
3963,3022,7
958,3585,7
5910,2561,49
1551,4213,4
1341,2045,9
143,2433,7
4308,265,20
5384,4036,8
4214,4021,21
7145,3133,7
5013,3311,15
2011,710,4
7861,467,5
4153,4040,35
5081,2226,8
7478,1244,9
7792,3314,21
4871,698,5
5685,2499,10
5205,2407,28
3404,3607,8
1667,3245,26
4720,1799,5
1689,2882,6
4417,2401,20
4453,125,12
5429,3877,13
295,343,20
1307,494,11
1966,3606,12
6374,2020,5
1099,1253,15
1380,1867,8
378,3124,14
1329,4178,19
5079,4343,6
4715,275,35
6711,1820,19
3363,2895,6
5237,2470,39
6002,4278,25
6886,4330,5
916,2092,20
2271,158,9
5980,1011,12
5851,4362,19
3948,918,6
364,1984,8
3004,1064,11
5570,365,6
5291,1298,16
7018,2770,7
4596,2922,29
2419,204,8
5588,1353,17
2377,4006,6
2974,2497,7
5947,4217,18
4090,4027,4
1425,1102,10
3444,3686,7
2993,3398,15
5775,623,5
5606,4312,12
444,3057,9
3477,4180,15
703,136,9
7198,562,3
3346,1738,10
6550,1442,16
5845,1866,6
126,3469,29
6496,3626,6
2555,1439,24
7653,2753,9
5576,4369,6
6749,2087,5
4898,4193,14
2000,4163,21
7300,2016,6
376,151,10
2541,1816,10
6410,2494,5
3486,3665,7
1015,2014,79
2989,3292,6
4470,938,10
4129,370,3
5871,99,94
6551,2852,5
7299,3912,4
826,3154,17
2083,19,10
7028,1916,5
3386,1030,5
4392,489,4
1470,6,16
1271,226,9
2279,20,15
6742,2679,6
3946,22,8
3169,645,127
3311,4145,8
2465,2303,6
307,1874,11
797,2932,22
4706,2438,16
3537,4061,11
927,3166,51
2395,2613,8
3619,853,11
247,3992,25
1354,3423,17
1053,2096,22
2705,2012,4
5212,3463,7
2178,341,16
1028,3313,6
2821,3509,27
7825,2665,9
7349,3549,8
5553,812,8
4467,4323,6
1340,140,9
3551,409,7
3470,520,4
5020,3558,20
960,3551,7
892,420,72
2863,160,8
1710,3905,35
1849,1217,41
2222,2913,6
7595,3684,8
5578,4285,12
5338,2448,21
4579,2608,7
1761,1367,4
2418,3176,4
7338,1651,9
1505,950,8
1995,163,20
2278,3045,4
7886,2684,8
5866,4272,6
7025,2450,8
6447,2690,8
4505,1835,8
288,2349,9
6380,1784,7
7860,2942,6
3571,848,11
2466,2047,5
1368,1851,7
7200,1148,7
5555,3836,5
3528,3894,7
5791,2750,19
474,903,5
1297,197,35
7173,2771,6
5488,405,19
7069,4053,4
930,648,8
3924,2994,9
1862,2243,8
751,1520,24
481,798,7
1660,900,14
7132,2299,7
586,390,12
1845,116,9
2040,2578,10
3469,3381,8
5558,795,20
145,1944,4
7972,2621,3
404,2950,12
3478,4180,15
4236,1986,17
1947,1002,20
1690,3544,13
2878,1499,15
2706,629,7
3722,829,8
3730,2645,7
5531,2444,7
5523,3957,5
141,2721,4
3931,3307,12
277,4165,20
6743,1314,18
3475,1156,4
5622,171,22
3104,449,5
7377,192,11
5243,2252,9
6188,2533,14
7615,1007,28
6382,1505,3
2648,2966,25
5739,267,5
508,867,52
5317,555,6
1842,4048,3
4221,4,31
3945,2707,34
711,4057,12
2979,2368,14
102,2898,9
6493,3122,8
5368,3224,7
6471,446,6
1469,3107,26
7957,4365,11
5402,2872,13
6369,3182,3
7046,1219,14
4972,2685,3
4202,2562,4
299,916,16
7233,409,7
5175,3501,8
1217,2239,17
7993,1749,5
2337,1447,4
1254,201,16
4714,3131,5
7778,2762,30
5275,2394,19
372,3515,7
3034,1152,17
5001,4223,4
2787,3301,8
575,1032,6
1946,2032,10
280,3833,16
3442,487,10
3641,1548,4
1732,2873,24
4709,2169,8
4540,720,20
7849,2727,8
385,2005,10
7489,3323,8
2369,4321,22
456,161,4
5434,2154,15
7922,192,13
4767,4309,3
5849,1133,33
4687,4307,18
3907,1119,9
2701,2841,5
2486,2255,5
596,791,13
735,2443,19
2846,686,23
4634,655,3
7191,34,6
150,528,5
6735,473,7
6190,3561,7
1044,1429,63
5524,1291,10
482,3950,11
7563,760,6
7740,677,9
3219,2539,3
1526,1879,19
5154,4112,34
2484,3162,13
2309,447,9
2269,1168,8
5668,578,23
3758,1101,10
1442,1116,12
6774,4186,3
3406,64,17
7376,1916,7
5938,1596,23
1269,1633,6
1166,2083,20
3741,4231,15
2372,3554,7
3179,3374,5
2887,1547,6
1429,1029,13
2922,2785,9
4115,3970,11
5242,1464,9
2530,1501,14
5595,1160,9
7048,945,9
4741,2557,4
5302,874,3
5098,1819,17
6508,1705,5
3578,1577,27
2342,1588,24
6748,2730,7
6214,1092,10
4162,2119,13
1740,3764,10
2799,2291,4
6668,3498,3
7579,4121,3
2579,3848,3
1237,2626,6
6519,3597,7
3358,488,13
5641,628,10
5808,3449,7
6065,2522,6
1095,358,23
1770,3213,15
289,131,18
1450,1019,59
7174,3453,5
2059,3023,8
5783,3984,19
1874,4066,5
2903,3159,7
7509,3605,4
2696,1712,7
5377,3405,16
1509,3673,3
1796,2737,4
5179,2179,28
7455,2647,17
757,1161,3
702,2381,10
1114,3728,43
2703,609,4
2346,2711,6
3791,1886,6
7078,1734,5
1406,632,7
6948,3724,7
1251,1697,10
375,434,37
1496,497,27
220,4044,6
236,3645,6
5325,2799,6
4902,414,11
6016,3421,7
7864,590,4
165,3121,5
7614,2038,6
6696,454,14
5836,4203,13
6584,2134,10
1777,2398,48
229,1707,10
3098,2024,21
4471,2835,11
1385,1186,13
5395,4276,22
1670,1047,34
1384,2747,22
6798,3700,4
156,911,10
6646,3180,9
7646,3198,8
7063,3467,7
7417,442,13
7287,2984,8
5318,362,23
155,3083,5
1381,3976,32
582,366,8
1850,2423,14
6612,2881,7
4999,4201,9
5797,3524,14
3019,2149,8
6285,4383,4
4746,159,7
1376,1954,13
562,3522,8
7564,2761,8
3901,1131,6
7209,3085,10
6042,530,5
4086,2210,16
4243,251,7
7139,2971,4
5267,3759,16
895,549,10
7721,491,12
3046,1224,10
4588,3664,11
3484,68,13
2671,302,17
1161,2669,7
2802,986,8
564,1777,81
5063,2445,54
2296,3160,11
6553,2129,14
5127,3221,29
4260,1339,7
4003,4004,4
3715,750,3
3902,540,4
546,4311,53
5635,3332,17
3078,3362,5
1516,1117,9
2535,4106,13
454,2033,9
2381,3274,5
5222,3261,27
3297,48,8
1813,3243,4
6695,2919,5
7259,1087,30
1444,394,24
7446,3173,-974
3568,2116,25
1361,3247,8
6241,2551,8
4089,4033,5
1500,199,24
5528,3901,6
7539,1477,21
2848,3639,6
939,2258,6
4724,1590,4
3679,4208,51
5995,2627,13
4984,1899,11
4604,1482,8
1427,3981,6
5498,2505,11
6243,141,9
3582,1509,9
4228,2688,9
784,2244,6
7875,2261,8
6947,2983,4
3705,2786,7
5777,3649,7
4901,561,4
829,4125,5
7168,1383,10
1204,2529,9
7758,1060,14
5722,4216,5
4455,4200,16
2630,4265,6
6244,1883,9
2611,1039,5
5858,899,10
654,1349,26
6870,3690,7
3207,1766,3
3306,2347,5
5200,3896,13
7148,4116,6
909,2105,33
2836,1998,10
3166,2503,10
3650,1438,39
179,2454,9
33,3348,11
7019,3392,7
6363,2475,9
7217,1381,3
5427,952,58
7040,1844,8
2031,1647,8
4950,1225,9
3254,3212,3
7556,847,2
5299,177,18
7944,743,7
5173,139,18
4076,2705,6
917,4086,16
4167,4085,13
4535,3804,21
7767,463,8
3299,4141,16
5839,2883,14
2546,3079,9
279,1655,6
6830,190,8
5459,1024,11
374,2399,7
894,481,7
4338,2030,15
7277,3593,13
2376,3103,6
5039,4169,12
982,1119,7
4705,1370,9
4091,3979,12
4436,2316,25
1914,2398,42
5768,2943,18
3250,430,11
6880,2222,5
2096,1643,7
1407,2954,19
1279,112,13
2485,595,9
5323,3637,19
1499,2624,61
3889,1813,9
5435,694,42
3574,448,6
3132,3472,3
4610,885,7
2039,3842,4
6187,2221,4
2844,921,8
3175,2677,11
1475,3234,10
5311,2473,5
3202,1549,11
7873,654,11
1607,2604,6
4798,674,19
5303,72,18
5979,260,37
7937,4210,27
5360,2502,19
1363,4380,4
4543,3153,5
1268,1272,11
2414,57,6
2697,426,6
7831,129,9
3757,2636,9
5430,2574,7
6149,1856,7
5642,1772,24
1583,3471,3
514,2601,23
3561,4129,16
6084,2310,8
1242,1420,6
7813,829,3
976,544,13
6174,3192,6
1972,4357,9
565,3713,18
5456,2720,13
30,1489,9
2274,1585,6
3338,897,10
2120,1557,24
4052,2004,6
7437,2620,17
4303,4246,29
2790,132,9
5086,971,7
2106,4192,5
6498,3485,5
1437,692,11
3474,218,33
3550,1872,4
5582,4103,10
1305,862,21
1010,3790,7
5894,2042,16
1789,3588,10
3842,3549,8
4561,3200,34
6351,4043,6
4854,4235,11
4342,3808,22
6291,979,11
5908,2146,12
4218,2387,7
6381,4073,5
4274,2509,8
154,544,10
2926,2302,8
5083,3252,6
2983,2987,6
239,2224,24
5840,842,8
4866,1110,19
6499,2895,6
2841,1128,13
2006,4010,23
5209,1004,22
4379,824,4
870,1570,18
4313,3663,10
1184,3562,23
1544,1319,21
2266,1845,14
4109,3024,7
5665,2822,39
4658,4002,13
2415,1993,7
7983,2266,7
7554,3889,8
5055,480,11
902,281,21
6392,335,8
1421,1795,32
1283,3721,12
1638,1052,62
6129,927,15
2501,3448,4
1109,663,26
7363,2993,17
836,1232,18
3760,1854,6
2368,1622,21
5772,2286,10
4258,2020,5
1778,2188,8
4198,1512,8
1193,1116,4
2575,3792,13
5597,3383,5
5110,3150,8
5551,2663,13
7088,4256,4
7360,4286,10
5590,2512,30
7503,3627,7
4813,2831,16
7305,747,8
5471,4209,18
3719,1504,9
3291,1240,9
2326,3111,7
3206,2712,9
7986,1827,6
4935,4220,7
1795,4302,4
5579,545,86
3521,2007,9
7885,3302,5
4223,424,5
5223,551,25
221,1817,16
924,2161,25
7715,1254,15
3213,3696,6
2439,864,10
5339,1653,15
4549,895,13
2226,589,12
7484,3832,5
430,2815,22
990,1689,10
3011,3788,6
5017,3041,7
4489,1375,21
1394,891,146
2249,2230,12
7182,1072,13
3136,3766,6
4140,3333,12
5998,145,9
7092,424,5
5301,3705,8
4930,2198,8
3088,1025,21
5601,4254,21
792,1095,18
5094,1490,3
7690,1978,5
884,2320,7
5564,2036,19
4093,273,5
4908,2264,4
659,2757,21
2049,3275,7
4043,1990,5
4119,548,4
4756,2518,11
4369,166,13
5526,4159,12
4665,600,5
1543,4363,68
96,696,8
7294,1833,9
1353,1217,19
5811,1896,7
1054,2097,36
7119,1674,13
2725,3203,25
7158,1443,14
837,1232,15
1747,419,71
3259,3171,9
2724,3797,19
2281,4109,15
4145,358,20
1763,2932,19
109,1617,10
6839,1922,17
7459,2077,6
5741,3531,8
8006,1635,5
7930,522,7
8005,1736,7
2435,1450,8
3064,2200,10
992,1685,11
1397,3622,44
7205,3347,22
19,2876,41
3495,2491,25
672,2389,12
2375,2324,20
6617,1897,10
5623,3403,19
5391,2511,11
1828,460,14
5203,2410,19
7941,3928,11
794,855,28
2786,518,9
5050,3565,26
6226,2810,9
7558,1910,5
7365,3826,6
3775,258,13
6261,2777,3
1582,1546,3
6342,1561,3
3696,1724,11
1573,189,20
4350,2254,17
793,2088,16
949,603,4
6718,1349,26
1745,1022,12
4560,3200,13
1629,2737,8
1868,854,3
3678,3556,6
4841,594,24
3390,2130,15
5483,2393,34
2255,2855,12
3147,2696,3
38,2625,19
242,3736,8
3435,721,5
4298,965,17
5756,637,17
4900,4193,22
1713,2718,8
6689,622,14
392,1911,20
445,1069,24
3538,2731,8
3340,2402,6
5621,887,16
6269,1206,6
4688,3183,7
512,1884,42
5231,1277,11
7874,3373,5
2480,1713,6
5262,3527,10
391,3550,8
700,2566,15
6925,3917,4
2874,3033,15
7270,937,6
7404,457,10
1640,1923,16
3823,4284,10
2206,4267,21
7936,4146,7
4800,3730,18
2442,803,10
7017,530,5
7273,1432,3
7772,2758,8
6433,2066,8
7664,3652,6
112,2997,39
4728,39,17
12,4273,15
1005,909,15
1866,495,24
876,1296,9
5885,1790,71
1483,4291,3
3000,453,12
3857,3072,9
7682,2193,8
3933,3715,5
5594,2606,5
6184,3566,3
5159,834,18
840,1232,13
1068,3270,24
728,3973,13
908,3120,7
2382,2544,5
1898,3545,59
3049,2071,27
4044,2828,8
6954,1350,18
4012,2560,6
4639,1275,13
1167,4246,29
7214,2821,12
1993,838,32
4883,312,6
1964,2300,28
3447,3616,7
2757,372,4
7093,1347,23
452,1466,8
6796,1296,9
337,4105,9
2641,4007,5
7254,738,7
2323,1369,13
5634,3426,15
1348,565,19
529,3530,5
3518,1267,12
991,459,6
3241,408,8
4496,2210,15
1529,1546,5
6876,4144,11
6144,3434,6
3922,1916,7
5630,1818,29
5160,3152,11
2860,871,5
1739,1631,5
7594,1591,7
7543,2330,8
1825,1294,16
7450,3702,3
5224,552,13
3052,30,19
1124,2649,26
4264,2194,16
3228,3679,7
6472,3326,8
4459,2715,11
2772,38,15
3534,1346,24
1389,3892,3
7477,2091,37
1996,1700,17
996,1029,13
7302,1188,20
7473,2507,6
3693,3895,44
7956,2280,5
551,1792,20
978,3774,12
366,3819,30
3926,1342,7
7547,2616,6
5144,2145,23
1402,3516,13
5246,1081,23
3188,4122,17
7947,2325,7
7275,1684,5
943,1975,7
7458,1228,12
1892,1943,39
180,1038,12
1668,2237,22
6089,596,6
7964,761,6
2580,4003,13
2058,1581,9
5156,4252,649
1756,1661,8
683,742,4
3127,1346,19
5283,3755,8
476,360,34
1888,3869,13
2330,1799,5
2310,2846,10
5589,1312,21
2156,1634,7
6574,2202,11
7480,1059,8
6539,672,5
3275,2071,24
690,1433,11
2148,3193,10
1358,456,5
554,2602,12
6442,990,11
1585,2894,8
4507,2259,17
5383,4379,29
969,1097,25
7685,3158,7
470,2542,6
5637,3986,4
5495,3756,8
323,2339,11
5671,3902,17
1787,1170,17
5210,3297,8
7324,1619,5
7970,718,5
2472,2060,14
5930,175,17
6943,3384,8
7890,2926,8
6566,1313,6
1205,3999,5
5615,4011,4
1196,1332,6
5632,3845,7
1128,981,10
763,190,8
1396,1288,3
5967,3062,14
7934,2672,7
2262,728,11
7386,441,3
2202,1112,7
3792,2668,51
7832,3593,15
240,3431,7
4645,3273,7
1026,219,9
6110,357,13
5577,1316,15
7081,3395,7
3617,3690,7
5218,1248,18
5616,688,4
1201,1167,4
1702,1783,13
4292,3140,8
3979,2667,9
1113,3727,21
6889,3278,9
6296,2513,6
835,1232,15
6333,2020,7
5545,2289,12
4361,4202,6
756,2093,20
1913,3006,6
3811,3377,7
3995,2703,16
7428,369,8
2201,1055,7
7411,3711,6
6778,3358,5
7632,956,13
7383,2115,13
2195,1205,7
3285,2664,9
3449,3955,5
7592,3780,34
5417,2553,38
7481,509,17
907,1239,64
6155,1803,9
953,1983,22
75,96,15
7705,3173,7
7179,2274,9
1743,3146,11
2921,2974,3
4404,1238,11
4708,2061,8
2596,1209,13
2475,2912,14
7241,1509,9
4144,358,14
6227,751,6
7688,4333,6
4681,659,13
1876,2297,5
1653,2632,12
3260,1801,8
3994,2703,17
2585,3794,7
5371,3940,53
7067,2812,9
5573,1265,28
4340,272,15
7204,2453,6
1818,4154,3
1691,261,15
2410,1229,41
7103,3473,4
4917,323,7
1224,4020,3
6112,1042,11
2889,4250,16
5255,4227,30
2619,1132,9
785,4032,25
149,316,17
281,1656,4
7043,3781,6
5788,3758,6
7681,2543,3
2332,2944,17
2162,878,6
1781,3899,5
61,2875,10
5177,216,14
5644,2902,10
1672,3995,15
2398,3078,7
670,1947,9
405,1279,9
1805,4355,22
2109,1114,5
2691,2485,12
3971,1498,11
5842,2630,16
4919,275,11
6805,3969,7
2953,678,29
6494,2329,5
2400,889,9
1860,2417,10
4222,4193,25
6744,3179,8
3395,3579,6
587,507,14
2301,278,14
422,2748,18
7620,241,9
5379,3852,12
973,964,9
6044,958,3
7703,2713,8
2904,258,6
3512,3793,5
116,2927,39
2094,2519,2
7187,442,10
4387,3576,4
3675,2641,9
5058,794,13
163,1096,12
7502,1881,8
4449,3218,9
2770,3732,7
1085,1918,14
6753,3613,30
7322,1675,12
5279,579,5
2640,841,5
4929,2935,9
2637,1629,11
2897,418,14
360,2659,6
1560,1247,35
6893,3435,7
4655,1111,16
1120,4114,10
5057,3411,5
5171,4041,28
2018,1695,14
6928,1303,21
6697,3493,6
5689,85,21
1072,687,5
1303,2236,23
5538,3949,6
3565,3969,7
1630,3255,17
3919,881,13
741,2357,21
7555,584,3
2781,3635,5
7416,442,19
2044,2190,7
4593,1855,9
3834,1711,6
5294,1763,30
3620,615,3
547,3540,7
5282,3427,10
5334,529,33
3663,115,13
6356,3212,3
5673,3737,6
6647,3958,6
5142,2010,5
7952,716,7
2591,2777,8
6853,1908,8
2776,2166,4
5366,2209,25
7094,1347,25
7149,2038,6
367,4070,5
210,1178,13
2220,3078,10
5574,2026,6
3845,929,8
1404,4016,20
3706,3912,4
6422,1701,6
4758,4205,5
5198,1963,9
255,2941,18
2444,1266,5
5876,3922,14
447,1146,12
5535,2487,10
4428,2311,10
5288,1183,25
7264,2382,6
1487,840,17
2810,2111,17
3265,1729,7
3120,945,9
6686,622,15
5470,439,54
1893,4259,17
1897,2352,5
325,435,11
6653,95,11
7904,1808,9
1448,88,15
8002,3280,6
2615,132,11
5263,1933,4
2245,3141,9
2834,3654,7
3898,3102,5
4877,377,27
4550,1193,11
5878,3932,32
4060,2949,10
5141,1936,14
5352,567,12
1208,1170,5
6310,2278,3
1522,974,7
641,2164,15
6196,329,5
272,767,36
3084,3178,8
1967,3128,8
1456,1807,45
7253,2515,4
1959,1315,15
107,3722,6
433,1592,13
5477,3920,20
3624,4144,11
6092,3362,5
4647,2293,10
5572,676,18
1079,2187,10
6636,123,14
1903,1177,13
6115,432,5
1074,3620,21
4002,826,10
7439,1829,5
5101,140,9
5373,425,5
1299,102,6
2675,407,4
5865,2373,20
5437,694,34
1415,779,21
55,1561,8
4580,275,60
2424,1506,17
7700,2149,3
2159,3799,22
7029,1263,14
7059,944,15
7892,403,5
5350,2440,55
4120,1809,60
6506,2363,9
6015,3401,6
7897,1978,5
5833,1035,22
5005,801,133
1132,641,4
1590,475,14
5847,3132,9
6473,1579,6
4963,26,32
6694,3822,6
1840,1965,54
2567,350,8
6795,894,13
3652,4249,94
7960,2142,15
7283,4150,19
53,2431,8
3424,1475,5
7798,3363,8
1319,2956,37
4100,933,5
5021,913,30
1214,308,21
1904,3016,11
5512,4377,14
1473,1832,11
4672,437,8
3855,1283,15
6641,3658,6
4742,969,25
105,4344,5
1023,1725,21
2229,4067,3
3222,831,8
786,4281,21
6906,1232,13
1207,2908,4
869,2989,9
1454,4232,8
2217,2619,6
2789,3996,5
2741,252,8
7818,3502,23
6732,3253,13
201,2947,13
2009,1368,4
3886,2439,9
4769,212,34
5645,3135,59
4501,4322,14
1569,4298,8
2069,1123,4
7501,2192,5
6428,547,5
1409,2125,9
6098,2824,16
4372,3359,8
2882,1902,5
2408,3508,6
3815,1651,9
223,1068,4
6959,3739,7
4486,4337,18
6806,2530,8
5216,3942,11
3392,672,5
130,1127,32
2636,294,6
1949,1686,9
7612,4211,7
963,3101,11
5249,2392,7
4771,2691,12
3530,1863,28
5485,2813,9
18,3338,5
493,2938,25
5679,3331,7
1428,4196,7
1417,2379,26
3382,2162,8
2643,4038,10
7677,3285,5
788,1261,11
6592,3518,7
4737,2594,50
6434,1124,8
5518,1419,17
3055,2657,11
6207,359,11
1971,2397,6
1009,1541,44
2854,2572,3
7461,546,12
1327,3488,7
478,4218,6
1555,330,14
7905,3445,7
1154,4152,16
5727,3109,58
4738,692,11
1096,358,14
3482,3823,7
750,1492,11
6346,3602,6
3374,2887,38
3833,221,10
1673,90,24
2537,1481,28
2906,1169,13
5233,3557,28
3804,1646,3
3504,912,34
1466,13,11
4424,3167,12
2670,1945,5
2212,2103,6
5149,2570,9
1043,3311,15
4046,1410,8
1908,1259,14
7476,2429,27
1663,1516,7
389,4086,24
1075,1636,9
7762,2062,6
1498,4318,5
7569,2897,6
3594,120,18
7367,3860,14
1999,4020,28
1261,1645,7
724,775,15
3092,3733,26
2862,3846,8
2744,661,13
5971,575,7
2607,1364,5
1110,664,13
1351,79,32
3071,1465,9
2209,3,13
6292,1656,4
1608,1379,10
7866,3173,6
3115,2195,4
7433,830,10
1262,3541,5
7689,1759,9
5185,1846,8
4978,1532,11
6643,3782,7
7493,2425,4
893,1517,5
6520,108,9
2191,1462,8
1948,3119,18
4887,4235,14
3595,3612,7
5473,4188,21
7524,2582,9
416,3596,9
1267,825,13
7345,221,10
7369,3860,17
6844,2515,4
1980,846,6
4740,3406,8
7011,2246,6
1880,1067,14
998,4164,13
3498,890,9
5557,975,21
4110,3218,8
7692,1573,5
1464,3993,25
1723,711,10
7105,3171,9
1122,1976,9
5600,4261,14
1334,2183,44
3307,3707,6
4817,901,7
5328,3903,30
4244,250,8
4200,2080,4
7574,2696,5
7621,3254,29
4755,2282,5
7020,1037,7
5649,3185,5
4478,1825,58
2081,2777,3
7463,2063,4
3037,1650,9
4096,2174,8
7494,2174,10
5546,1166,12
1595,805,13
2938,42,5
1484,2426,37
5607,702,10
352,3148,8
4511,4371,17
7835,3393,5
5508,3812,31
1231,3975,23
2815,2814,4
4186,423,16
5464,1343,15
6768,1842,8
7704,2260,9
4074,1359,11
3453,1810,8
1490,92,4
7921,192,12
5265,1673,18
1819,3428,3
3626,2991,9
5000,4307,7
1621,1054,7
4173,39,43
5956,782,11
3230,1236,61
5122,1586,9
2297,135,9
1042,2854,53
6056,1561,8
5355,2709,14
7359,2904,8
383,3821,34
2338,138,12
1886,3117,5
3334,1815,7
4858,4274,31
7397,4342,5
1512,182,36
4309,1005,7
1227,1031,3
49,2848,7
2034,287,6
5496,1203,19
2350,883,3
4491,1375,47
2879,1539,19
7309,1795,32
3881,3432,5
5636,3425,15
1016,497,12
1784,907,25
5034,2472,14
5270,3944,10
4856,792,6
6156,1611,5
7853,2052,8
2053,2104,7
6364,1192,11
2803,3214,9
2599,280,5
1935,1306,21
2763,3337,5
6788,4339,6
3399,4313,23
7407,704,8
7847,2879,9
6357,333,11
3313,1865,19
3751,259,7
2603,3115,4
2877,4039,6
1565,1459,7
1975,1000,11
4014,327,7
2467,1957,18
3351,3133,7
3124,3837,8
1083,972,21
2849,1888,10
4537,40,12
3998,4075,9
5487,3956,11
3897,2090,13
6534,3139,6
558,2982,10
5217,1537,17
5801,3787,4
1942,1952,10
5087,2389,12
2898,1363,4
6910,3443,8
5273,405,17
5720,1869,6
4508,3882,24
1018,3230,9
5755,1999,53
3903,1665,10
4661,3982,5
6119,3685,7
3162,31,22
455,1328,32
4403,1015,17
1596,1870,22
7899,462,15
1441,2435,23
3965,679,7
1203,513,8
1773,1649,10
2180,2457,10
3038,1839,9
7966,2037,10
6825,1731,9
4360,3769,6
463,2329,5
4188,33,6
5316,2396,16
7871,412,7
3467,3173,12
3499,1732,9
810,619,23
1855,282,5
7655,4243,6
555,1878,5
662,4093,5
7357,1437,70
5514,4341,39
4441,1827,3
4987,1411,10
5991,2773,8
2272,214,10
4238,1688,8
5763,1201,50
7696,922,3
6198,380,17
6655,3325,27
831,818,20
7791,2213,6
7843,717,12
4787,3647,10
5740,3927,7
3611,920,9
5502,3427,5
6166,1058,13
636,242,37
7702,230,4
2614,3410,4
5941,1640,7
185,3031,19
2168,1571,44
933,3369,8
1854,1967,5
7706,2856,8
4267,275,9
488,2025,14
5997,2232,10
7581,573,4
7731,3570,6
1287,4257,12
2833,1826,5
694,3851,3
5493,2589,11
7852,3784,34
1191,4140,4
7004,2356,7
4164,1359,4
1127,831,8
3201,3480,16
4829,2639,7
6869,2464,4
3422,3507,8
5554,1846,4
5461,3771,24
2061,380,23
6423,1390,7
3935,2115,13
3500,142,5
4946,592,4
2609,1045,12
2374,2977,1858
3289,3149,8
249,3125,7
402,3147,9
3195,3682,7
637,2215,47
7079,2970,6
658,3911,11
3920,1153,10
841,556,16
264,3209,10
198,316,5
1744,4336,3
3252,4142,9
7098,4142,9
6949,2309,7
7991,2959,3
2536,4106,13
3157,1109,16
450,3316,40
4702,2532,16
3891,3840,5
1859,1771,8
3337,912,46
4927,268,5
7601,2041,6
5139,4356,13
6315,2296,6
712,777,14
4556,4308,18
5778,3678,5
4288,1904,8
1335,993,8
771,3490,8
2075,1657,3
4113,3535,10
3103,1394,24
2119,1811,9
2655,3945,6
6532,989,13
3798,3772,3
152,2359,10
3884,2461,7
4166,2524,8
742,787,8
3353,1395,13
2103,651,11
401,3043,17
676,1939,17
7565,2139,9
1138,1347,23
5646,1752,14
1602,3523,8
7551,2065,8
7382,3307,12
7183,677,4
7915,1502,9
611,2924,9
5042,1061,21
309,1626,13
334,2612,9
368,4174,15
6158,3190,3
5901,4091,6
5898,4384,45
6606,2911,9
3827,4034,8
6585,3227,11
2857,2890,14
626,3020,36
7064,1737,4
4905,1243,15
3261,1535,10
5822,2772,26
7586,2718,8
6018,3667,9
7626,2817,19
5143,2145,47
4163,3323,19
2389,1171,4
6854,4352,6
535,3227,11
36,1493,34
7756,3110,13
5111,4229,10
5896,228,6
766,3268,6
2121,1937,20
4315,3136,29
5486,4068,17
4445,2284,8
6459,3137,6
5988,4126,16
7841,3087,8
2348,57,5
6416,3495,3
989,3631,10
7021,1650,9
3711,3123,7
6590,3371,7
6257,2963,7
1294,3412,11
1105,1541,45
7707,3173,7
6975,4147,5
7185,829,6
5936,4128,23
613,2847,13
5921,3738,72
209,3745,7
7793,522,9
140,2467,9
6613,4185,21
340,2475,9
6833,3032,19
5046,1033,5
7252,1919,15
3448,4179,13
2618,1132,9
208,2133,13
6399,48,8
1462,4319,5
4077,422,3
4503,281,16
3896,3827,31
2025,3802,3
5617,3048,6
2627,303,9
3591,1738,9
11,857,18
6440,388,8
253,1715,10
6124,4100,6
5627,3671,18
6320,3880,4
6140,4027,4
2219,1267,12
6709,1859,11
4722,2838,6
7588,1602,11
666,269,37
3820,2403,10
3503,2597,7
2223,657,6
2127,1733,8
3656,1008,9
4525,2990,12
6597,997,14
7782,1021,6
2544,1618,7
4216,2651,6
644,1956,4
6926,915,9
7743,1887,6
426,2690,8
2,511,14
2460,2231,5
5949,3327,20
7151,2151,4
2962,2778,7
7131,3712,5
7881,1873,10
1173,2905,4
3389,3567,8
3645,3461,7
3660,2370,17
6317,1858,5
6486,2099,8
901,2122,17
2508,258,6
4710,4196,7
2470,731,16
7779,1227,9
3075,4372,3
1089,466,8
5108,1814,9
6610,232,7
4481,3779,6
1326,3335,12
3130,2734,10
7668,778,6
2512,3910,6
169,943,19
527,2430,9
7327,2540,8
2380,3269,7
6699,2173,4
2952,3089,20
6682,2480,7
3584,3569,7
5993,1966,17
4245,3319,13
4784,1010,32
3673,4002,13
6052,1839,9
3765,2418,9
7585,2262,6
2179,2457,10
2957,2865,13
7894,2790,6
4982,4205,6
52,724,24
5631,1134,47
7589,1684,5
7613,2475,7
1566,2043,7
495,3810,17
7256,521,4
5349,1969,14
714,1001,7
934,508,6
4644,3519,3
5048,2694,9
274,2858,23
2407,3429,10
7603,1625,9
6068,1538,6
1378,2138,10
4574,2490,9
1491,92,4
4079,1988,11
5899,3590,32
3872,2904,8
3128,2508,6
7842,1212,29
6143,3434,6
900,1210,18
477,3229,6
6799,398,5
896,1273,23
4300,558,10
3116,2114,8
7408,654,7
4438,1714,10
6793,895,16
1284,1868,17
2561,3513,16
6882,4375,4
5730,4303,10
2204,1488,11
5123,833,52
1455,1807,14
3013,3401,6
2221,1486,6
1342,3908,11
3579,3415,6
2479,1360,14
6575,3450,8
2756,134,5
7903,7,18
4234,3709,5
6332,408,8
2748,2939,8
7284,4150,18
6404,21,19
6224,1946,4
7180,546,10
4001,1269,8
7035,2334,8
951,1290,13
1962,3824,6
2261,3800,10
7667,345,16
7193,1358,4
5599,3035,8
5807,4370,6
6552,1443,14
4468,3218,9
610,2924,9
2947,1115,10
1002,1064,11
1863,1099,24
5785,2398,12
2123,3413,4
4161,1018,14
2704,872,18
6763,2706,5
3900,206,11
1684,4297,29
4377,4234,10
3588,2556,3
5559,795,13
2554,1785,11
3106,3479,18
6316,2552,3
2283,4109,16
3602,4352,6
2605,1182,4
5505,3232,24
7651,1567,23
4284,181,9
4986,3217,11
985,1041,19
7884,3904,6
6400,4212,6
3072,1665,3
1000,810,4
6829,3376,5
2726,1727,11
2924,3635,3
1211,2086,7
2487,2676,11
2243,4374,8
7824,3235,12
5463,2250,8
3057,808,9
2547,3077,9
4500,3882,19
275,4167,7
1292,946,17
7654,1632,9
3068,1940,12
5877,3921,13
3564,996,9
7479,1981,4
5799,1221,13
4272,1426,18
6490,2101,8
957,1778,7
7106,2478,10
6468,3389,6
6721,336,26
921,3768,11
6723,438,5
3468,1462,8
3585,2340,8
3108,410,9
6991,2161,25
2125,1114,8
4598,1924,4
6804,996,9
6645,3468,7
1176,406,5
1183,4260,10
1576,1857,16
2401,299,9
513,283,18
3916,39,32
3721,2114,8
5392,666,5
6659,3186,5
7436,244,5
1119,4354,17
6662,3325,8
1008,786,12
5530,3943,6
7755,2325,9
6289,2495,5
1458,3751,13
3231,928,11
7757,55,21
5260,4136,56
5176,630,11
2806,3172,9
1258,1264,5
2386,735,8
7679,482,4
3216,4000,24
5819,1528,19
4396,3388,22
4641,133,11
533,2123,14
3784,3208,17
346,3328,16
4414,4315,23
2678,1692,9
3928,504,11
1878,1508,12
3058,2764,9
1179,3529,7
6965,1210,18
5942,1932,10
2185,1714,10
3344,3433,8
4177,3218,10
3440,1620,10
7514,1142,8
1738,3097,41
2276,3309,7
4,2849,8
3750,2196,7
5846,802,29
3112,1219,14
2404,2029,5
246,1457,19
7525,237,8
1159,3281,6
4757,270,14
4488,2427,5
5025,3548,10
6756,2383,6
656,4328,19
1257,2082,9
2592,81,4
3950,1080,9
6014,2884,7
2239,2068,5
632,3202,8
315,1223,20
5052,1066,9
3255,4129,41
6465,1802,11
7540,1477,30
1687,533,4
7409,568,7
2985,3091,9
6321,2567,4
7942,11,23
4697,4381,42
3776,4347,13
1212,2938,19
6479,3372,7
5926,1565,8
3506,3151,8
4480,930,6
4088,3242,6
3801,2270,3
2300,1197,5
2839,759,4
7451,3028,6
1143,1753,34
4199,3803,8
4617,2914,9
5717,1454,13
5405,3287,15
6899,4130,6
4846,4262,9
1045,2531,22
400,1181,9
3580,2469,9
1162,2217,7
6222,932,6
7761,599,8
2417,4224,11
7072,1862,16
6765,2607,5
4721,137,7
903,281,32
3796,1408,7
2753,3866,6
5527,4294,12
2163,1920,12
7087,2296,6
3016,1065,8
3350,1282,10
2497,2247,6
7649,3878,9
7471,671,5
1246,1407,4
8003,193,7
4726,2156,7
24,3914,12
1768,3688,7
7038,2781,7
7980,4054,5
1449,950,11
3485,1645,7
6652,512,13
1188,1706,20
6323,1120,4
6568,3017,8
2606,510,7
5959,4028,11
7036,1403,7
873,4214,24
4684,659,14
3184,929,10
3674,155,19
7291,1954,13
2912,1861,5
4611,541,11
6385,2896,5
7352,2148,12
4533,4242,17
1324,4060,5
3242,1114,5
2569,231,35
2084,2181,13
1887,4051,12
3193,141,9
3873,2977,1858
7423,4283,11
5610,1204,5
1337,83,13
2128,985,11
859,1637,6
4319,84,626
2909,813,8
2665,3484,7
2911,4119,11
1618,3270,26
2129,649,8
2494,757,9
7317,1422,25
6116,2825,8
7469,501,11
7153,2681,7
782,1514,12
7034,3104,7
3082,2290,5
804,364,11
843,4135,13
5955,3082,14
2970,233,9
6373,2659,6
5703,1185,33
4051,876,44
3497,3026,16
6990,3768,11
7330,3208,17
3173,3440,6
775,1968,10
3704,2733,11
5067,1779,32
5167,113,29
7783,2271,9
266,1880,13
3943,2827,10
4433,2313,25
6492,2492,8
5466,1836,24
818,3296,4
1714,217,11
7911,2053,16
6225,2294,6
2429,43,6
674,3367,8
6362,3319,13
722,2285,9
7347,4269,8
5375,2585,24
1194,3516,17
5513,4296,18
4951,4092,5
7912,4282,9
1080,223,32
4904,2002,4
3850,1427,10
7351,1759,6
5389,2253,38
6008,337,15
2489,205,6
5385,527,10
1011,3790,7
5361,4082,12
7559,3351,5
5504,238,11
3732,3206,11
4150,3320,10
386,117,7
612,4232,13
4529,3436,4
752,691,5
5252,1648,27
2344,1646,3
48,524,15
413,3528,13
6731,988,4
1547,452,62
77,2482,5
7999,4346,3
4066,849,5
2019,3559,9
6847,832,17
5178,3674,13
4648,2320,7
1331,4177,23
7910,2053,11
5686,3853,8
2886,2617,18
2804,1385,8
6146,486,5
2692,304,9
4779,4148,6
3569,910,10
2134,3666,12
574,1322,9
675,1254,13
2549,4338,8
4422,515,7
5841,3844,21
4967,1400,24
4241,4030,13
5598,931,3
438,96,14
5989,3442,6
5107,1616,5
6219,1671,9
6287,2752,4
4663,3391,28
4019,1398,16
5945,3457,14
4065,2265,23
7393,918,6
195,3568,11
3767,557,4
216,4206,6
1762,2933,15
1666,1587,7
5281,2276,12
7834,2272,9
6832,1456,9
7431,914,17
3562,257,6
4947,2833,23
3333,3231,10
4777,2295,5
3559,4240,8
2932,3857,5
1780,956,13
1276,3521,12
5258,1126,30
1275,3476,16
2182,3591,3
5184,338,9
3433,1282,41
2312,1308,12
3666,3173,16
7928,652,5
1377,164,17
2602,1574,4
127,1718,7
3831,2182,14
6785,1723,5
2885,3786,9
5943,4170,9
1923,1513,6
1461,3807,18
639,1518,12
6931,1361,10
1472,4332,22
4197,2765,15
7307,94,12
167,1058,13
7929,2120,10
5027,1559,42
4263,1301,15
362,2415,7
5541,934,10
5346,500,3
5900,3266,28
3436,3874,3
5503,2593,17
4589,3251,21
2406,41,17
3325,2905,4
615,3543,35
4759,150,7
2621,3040,9
2420,3632,8
5929,174,17
3181,3814,7
1559,3933,32
7644,2564,11
3725,2936,4
301,3086,20
4085,2210,14
3606,521,4
6467,2756,7
1117,1531,12
7815,680,11
4547,895,16
3158,3983,6
4912,4099,12
4444,1003,6
1133,378,13
7898,654,9
3450,2112,18
2440,2590,9
3347,2117,7
6601,3517,5
7868,1635,4
7995,3455,14
7597,3138,4
5296,3184,8
7699,3087,6
4515,2586,5
6237,4279,6
4564,3569,7
2169,1572,46
2891,1708,12
6530,2162,8
883,2972,7
739,673,4
2517,3636,7
1989,2526,8
1553,4213,4
1562,3114,9
5044,1953,35
437,1050,11
6987,1660,19
7335,3289,7
7948,806,11
3114,2476,9
6860,3971,12
679,742,4
1541,2398,13
4989,3118,13
310,3951,17
2026,2949,10
6176,3219,6
5919,210,25
5422,465,35
5133,2588,13
3533,4290,11
1022,725,19
1890,3075,8
7229,4061,11
5307,3909,5
7430,3511,15
4594,993,8
4081,2210,18
7593,1973,10
6325,888,4
5940,2798,19
6993,815,4
4437,2315,25
1471,3354,18
5444,1644,22
5751,4139,11
3991,4132,20
4855,1320,4
1793,1012,12
7226,2730,7
2105,2776,5
4442,884,15
7491,829,4
1310,537,25
4602,2940,7
6322,3074,4
4018,2714,22
4651,1309,6
7406,1091,6
4289,516,12
6060,2011,10
4918,4009,4
1370,2235,7
5436,1158,18
3083,2962,9
7610,2759,7
1065,3282,17
215,3938,18
6649,1668,8
5603,75,14
6005,638,18
3987,4132,16
243,608,19
5064,4133,10
1956,3315,8
5733,110,3
1424,560,7
4962,2496,6
1882,3497,6
1631,1145,26
7998,2543,10
6777,1142,11
7752,2508,8
3042,3789,7
435,3249,8
371,2537,40
2861,300,5
3851,1761,13
5581,54,49
3917,1333,17
2956,2865,14
7901,2633,6
7803,2684,4
4068,3820,4
1067,1448,10
5398,2708,16
5186,1280,9
5253,925,12
5125,173,22
5297,662,5
6812,910,10
1584,1491,3
2958,2865,13
5006,845,5
4667,3439,7
3988,2504,18
2998,3321,5
1895,1231,25
2445,624,6
5850,2869,36
2951,3939,5
4597,2922,28
4179,363,7
1289,1040,28
6426,2809,3
3524,4289,12
7720,129,9
6881,2493,6
7389,829,8
2902,992,22
5066,3716,7
3724,1405,11
737,697,4
854,2323,25
3773,3480,26
1774,225,15
73,2054,16
938,3947,8
3372,2151,4
187,3262,7
3432,1615,6
2639,355,7
665,269,40
1894,4182,21
3846,880,23
6545,3530,6
4281,2119,5
7567,3298,5
1050,3267,8
3352,320,6
2077,292,13
7438,126,9
7137,2402,6
2652,2675,11
3373,2887,38
4367,1046,5
2230,4098,5
7184,368,4
3519,1992,9
1367,3096,14
1563,2027,9
5344,2628,112
1873,4058,9
7314,560,7
695,4280,11
538,1295,12
380,2268,5
4804,27,6
4960,3018,18
7570,3245,22
5922,861,7
2788,3997,5
2361,1804,4
3443,3618,42
3744,2416,10
5714,2434,14
6412,464,9
2914,3731,4
261,3483,6
3441,3453,5
5394,3629,27
7108,2981,7
1907,4022,5
4534,3778,8
2893,1786,9
6259,148,7
7630,2547,4
5035,1527,24
5981,4020,12
3805,2483,6
5648,2390,24
2492,2367,11
5552,305,13
4838,1623,8
7400,4288,10
7100,3108,7
828,1230,7
5667,2281,47
1301,2135,28
5675,4310,9
1088,2160,10
5096,4090,4
2293,3474,7
4015,4045,30
2307,1672,11
4277,1743,20
7086,3081,6
5861,525,11
1792,4018,10
7033,2460,10
4780,224,6
1148,1824,8
4181,4114,10
7546,535,17
5113,3835,56
5814,3346,4
7325,63,3
7235,440,2
2838,3291,9
4484,2336,6
5015,402,5
2147,1139,14
7402,1985,6
2604,4359,4
7368,3860,17
2181,4111,3
5256,4349,9
2564,3794,18
3226,3906,6
3803,764,5
7516,2040,4
4504,948,7
6929,3681,7
3134,2958,8
5935,1935,10
7188,3734,7
2268,61,34
1977,87,16
1843,314,14
457,168,12
5443,2481,328
2412,1138,11
3957,3238,4
7548,3014,8
705,1560,8
4966,3601,17
2674,1925,9
5208,1584,13
598,943,21
3090,3156,7
4293,4153,6
3189,2388,10
2324,3188,5
2345,2245,6
1177,1525,10
259,532,21
7488,790,3
7695,1542,5
4642,1691,7
7146,320,6
7172,2516,8
7508,919,7
3464,3468,7
1945,3170,13
4092,3245,29
4649,2587,7
946,3749,10
2074,80,3
4259,1187,36
3932,3299,5
7775,1737,4
667,269,20
5706,2034,14
2751,2527,8
407,3495,3
6438,2128,21
1517,2023,4
7296,1698,8
1692,3349,18
1481,2118,26
2718,2069,6
1610,1951,16
4608,3891,8
795,2405,15
4323,1598,7
619,2754,5
6994,1397,51
1963,396,21
1609,1893,10
4246,852,18
4497,1275,15
2403,1599,7
6367,1729,7
5290,1755,16
4448,483,12
1625,995,18
2507,3276,8
2969,3937,6
4893,22,8
7657,1919,3
2251,2855,12
1580,1961,8
7926,961,10
1994,2188,59
2066,3215,17
1767,967,10
6780,1119,7
515,3017,8
2454,571,4
6265,2712,9
789,2549,10
2668,2233,14
2383,1214,5
5428,1709,15
6242,2644,5
1104,2755,7
5199,1669,10
7373,3913,9
7175,869,3
1802,3974,18
4349,2254,21
5019,3852,30
7039,3178,8
5873,2446,14
6915,1304,17
1230,341,16
0,1788,14
4936,3847,20
3768,3691,5
132,1346,19
3364,4056,5
7789,546,9
1264,461,15
6908,3763,3
2734,349,11
6837,3593,9
205,2158,28
5931,3465,13
3035,3283,9
6811,2548,7
4629,3861,5
4990,1113,16
2007,12,13
7718,1063,11
5310,1740,26
2088,1531,12
5092,2802,17
5115,4195,19
721,3344,10
4583,3785,6
759,2220,9
1140,2138,16
6761,2301,5
108,2157,23
2714,186,25
6784,3720,5
2388,3090,7
5097,3919,14
4157,2829,4
2755,296,6
5140,2873,27
3180,932,6
4806,1759,6
241,3881,26
7135,1212,6
4937,2257,10
7753,1386,6
2124,1903,10
6173,1285,6
984,3536,20
4203,2170,13
148,2915,9
7313,3677,7
5550,748,8
5562,215,24
689,2787,11
878,3809,14
5189,2145,27
6809,1472,10
7267,3907,5
6189,2534,13
616,28,19
5544,2341,74
6370,3320,12
2550,2928,5
93,809,14
3458,1717,9
1485,4348,28
473,2695,11
4205,2839,6
7095,1347,29
5875,3404,56
7243,2722,5
1917,4247,38
979,1474,38
3274,2981,7
767,1456,9
5867,1765,11
791,3251,21
1809,2510,25
857,444,50
815,2003,26
206,421,25
5771,2517,20
6021,12,13
3069,2058,8
2052,1580,7
1314,130,18
6103,2551,7
5753,2598,9
5062,2978,7
935,1207,5
4539,1658,10
2275,4135,13
6276,2441,4
1012,3790,7
1628,3067,11
708,1149,26
3280,2819,9
3511,766,8
6679,3451,4
251,1726,11
7994,1242,6
42,1440,16
7837,3430,6
2241,352,8
5805,1194,20
4643,690,9
7553,2605,7
5522,4345,6
6000,1070,25
7532,82,39
2991,3660,6
1263,3747,6
1420,49,13
6105,2551,7
7111,574,5
3573,2736,4
704,2592,34
1757,307,18
1003,3004,25
3043,3875,12
1751,3279,14
5327,146,7
2907,865,8
4974,2867,56
2116,727,12
431,3871,20
3654,3096,14
7483,953,18
1881,776,6
7258,920,9
343,3854,9
3170,3467,7
4955,4371,8
8000,3988,6
1865,3001,17
885,1350,18
5117,2844,32
6958,929,11
3878,2031,7
988,2360,11
1510,1049,12
1958,386,8
6284,3360,8
2828,1572,17
4304,3538,6
3461,3088,8
6594,401,8
6555,64,17
6664,109,7
1961,3422,28
842,4326,19
5844,3850,21
5404,156,47
2717,1017,3
4916,2030,7
5239,2048,5
5856,719,4
5567,2766,5
5794,1274,15
7482,3961,8
98,60,19
1315,493,16
226,1335,24
3290,482,4
4324,2842,7
4023,317,14
5286,4329,10
88,3362,5
7781,2218,6
6085,2460,10
314,1352,22
1375,2906,13
377,4115,3
602,125,12
5520,1606,18
1853,4221,7
4778,4095,4
817,2670,9
7777,47,8
7627,1374,8
1742,2745,19
5767,2946,5
2965,356,17
868,1421,6
1822,71,9
2370,656,8
4749,2652,9
5380,2455,8
6415,3456,7
313,1354,16
2808,1444,10
5628,4253,11
1362,334,7
4418,2836,8
403,1388,33
2927,1728,10
2126,4070,5
6605,2771,6
2302,3532,11
7452,246,5
5010,180,3
3592,707,4
443,2385,26
4546,2595,181
458,1377,15
4127,490,8
4251,1776,8
7572,2891,6
971,3010,9
4128,2533,14
6072,1103,40
5897,1260,6
6419,1245,8
7290,3173,14
2943,685,9
5543,4187,20
2257,878,16
7723,3489,6
1360,1597,18
1671,1476,18
2100,1009,18
1749,4097,24
7006,3071,8
4305,2094,16
1899,2023,7
6857,3563,5
691,3205,6
5381,4063,20
4341,2744,7
3539,1503,8
1754,4013,21
7988,568,12
6305,3679,7
3879,2807,7
6455,2609,9
469,991,17
5240,2584,4
7211,4059,10
7053,850,22
4280,3998,6
6747,4280,11
5411,2075,12
1332,2932,22
6288,3806,6
3868,1496,8
7932,3594,5
5744,1463,18
2761,301,16
80,1806,14
7210,3822,6
1617,2429,27
3720,708,8
6897,1230,7
5560,1605,4
7127,3924,4
4137,3642,18
1298,3604,7
5194,445,15
5329,2110,45
2050,2462,7
5182,3952,13
1725,3084,13
4745,1111,21
6720,4328,19
2152,2850,31
6157,1409,10
7239,400,15
2623,3277,7
7828,2350,7
6701,3278,11
3294,3990,19
7194,1358,4
6868,2163,9
5284,2269,100
7973,373,11
5321,2888,23
7176,4382,8
7857,3011,8
5969,959,10
3370,2732,20
3154,1159,7
6759,3708,6
1460,1287,7
1717,2900,6
5674,858,20
2984,2874,4
6348,3657,6
7381,504,11
6262,2861,11
6714,2789,7
832,817,25
1944,892,19
3802,807,5
4472,1938,8
5566,2136,11
7739,3765,10
5964,1418,5
5548,3944,24
1431,3480,26
7523,2877,8
1820,2596,13
633,3418,11
3489,825,13
6713,1980,4
5640,1088,10
5153,3000,6
7251,1212,31
2524,4226,27
4168,1679,6
5568,3293,17
3952,1663,4
7571,682,3
5690,1974,13
5238,428,31
5298,2013,29
2913,288,3
698,1959,15
1969,3694,11
1545,2671,16
764,2437,6
2292,2283,12
5653,415,20
3039,2851,7
1591,2845,18
7578,2559,4
6726,4050,6
6883,3625,8
5779,3887,6
5481,1764,4
808,67,7
4215,928,9
6767,1441,8
2545,2205,23
2850,3704,5
6439,2128,15
7232,1142,11
4849,4241,6
1476,2143,23
618,3754,23
428,2535,10
2142,3019,5
6563,1318,9
5232,4049,16
1356,1323,14
4693,1958,5
7263,615,3
7392,3719,20
1587,1564,36
4691,2172,4
1927,477,8
4268,3977,9
2176,620,3
1349,2934,9
5999,793,15
3871,919,5
4297,3699,15
7340,2322,4
4194,1773,3
5409,2797,9
351,1703,24
3541,1895,9
2149,346,12
97,4190,4
6946,376,7
7385,1624,12
2188,651,7
4047,2975,6
3940,829,8
1807,2746,11
3146,3024,7
4614,2174,20
4032,3272,9
542,401,8
3434,1536,26
1960,1791,2006
2633,3058,7
3051,554,9
2942,730,6
4016,2489,17
64,69,6
4211,2768,5
1187,647,18
1659,32,13
2046,2615,4
2394,198,4
7985,3610,7
7822,2479,10
950,2046,13
5292,2413,84
7959,2621,8
6794,895,16
4206,2523,7
3951,1662,6
3605,1683,8
7979,2853,9
142,1654,11
5378,2878,8
424,1461,9
2616,1132,9
4026,530,5
135,1997,17
5724,3210,16
1933,461,16
5820,128,26
981,1119,7
1981,3002,22
629,1173,4
6101,1746,3
6220,1376,7
4694,2704,10
1418,4231,15
867,478,15
5162,3816,4
5135,583,6
3029,1331,24
3593,3376,5
361,1534,53
6728,800,4
3780,2901,8
6145,1997,17
1581,1604,3
1492,3795,4
2925,1794,7
2795,785,31
2139,1865,19
7323,2808,8
2884,3646,6
1683,2055,16
5174,863,7
1906,2028,11
7023,1228,8
1839,1302,9
