,average_rating
3849,3.34
4585,4.13
7526,3.79
5965,3.54
5415,2.76
3036,3.75
1479,4.25
1538,4.27
898,4.21
6236,3.98
6852,4.02
6966,3.93
5335,4.24
595,3.94
7269,3.91
6452,4.12
7552,4.06
6977,3.62
2997,4.04
6835,4.1
650,3.87
5201,4.31
2231,3.81
7534,3.77
6141,4.11
5455,3.39
1823,3.81
4632,3.51
4084,4.22
1350,4.06
3073,3.74
3613,4.21
2080,3.85
2742,3.6
3668,4.07
7319,3.91
6887,4.06
3540,4.21
6254,3.58
6556,3.54
4184,3.38
7724,3.4
6319,4.45
290,3.77
4302,3.71
4071,3.76
6608,3.23
6436,3.69
6106,4.14
100,4.14
5202,4.01
6638,3.79
5853,4.18
3685,3.64
4343,3.9
2713,2.92
5190,4.17
518,4.14
4271,4.07
5923,3.82
1992,3.99
5912,4.5
3597,4.68
6904,3.92
358,4.05
3847,4.19
4631,3.8
645,4.2
2384,4.06
919,3.77
1379,3.46
3788,3.47
754,3.43
661,3.3
5476,3.67
709,3.76
4812,3.8
5009,5.0
2930,3.0
4344,4.07
7769,4.09
3245,3.87
6204,4.44
2750,4.0
696,4.1
5192,3.53
6703,3.66
847,3.56
2432,4.51
1001,4.13
814,3.93
4287,3.53
5713,4.27
6971,3.7
2699,4.08
6028,3.89
1017,3.33
959,4.13
6394,4.2
5629,4.0
1229,3.52
7736,4.34
5824,4.2
7877,3.77
1355,3.67
2771,4.54
2014,4.41
846,3.29
7279,4.19
218,4.09
2638,4.03
2698,4.11
7521,4.08
316,4.12
5085,2.73
2840,3.83
399,3.87
7992,3.89
1061,4.29
6131,4.23
1879,4.08
5320,3.92
541,4.17
1619,2.83
7797,4.05
673,3.46
1734,3.93
5494,4.03
5992,4.18
489,4.04
3122,3.77
4906,3.92
2316,2.71
3622,3.81
1175,3.63
23,3.9
7800,3.93
4700,3.33
2476,3.85
6549,3.97
6302,2.44
4627,3.69
6053,3.87
5008,3.71
765,3.78
3762,3.87
6066,3.75
5571,3.67
7577,3.8
3665,4.28
1586,3.52
2038,4.45
7157,3.62
4067,3.98
7678,4.92
7362,4.29
7811,3.88
7390,3.55
2020,3.8
5536,4.04
2063,3.91
2095,3.55
419,4.26
1719,4.08
1339,3.57
5250,4.32
285,3.4
441,3.56
5781,3.9
6004,4.1
4075,3.11
1679,3.8
7027,2.68
6663,4.03
1190,4.25
7670,4.07
6086,3.82
3836,3.59
2409,4.14
2164,4.27
2186,3.24
6516,4.18
2593,3.69
6603,4.14
2792,3.78
5860,4.14
1915,3.73
6213,4.18
1798,3.49
3517,4.24
6460,3.69
1593,3.6
4056,4.23
5038,3.86
1049,4.28
4680,3.67
1206,4.39
1831,4.18
5397,3.85
5593,4.68
6831,3.78
4600,3.79
5547,3.8
3729,3.71
699,3.69
429,4.17
439,3.88
802,3.7
1097,4.04
7909,3.97
2192,3.28
6308,3.63
466,4.24
6248,4.1
3111,4.23
7192,3.74
5065,3.52
2574,3.33
693,4.03
6678,3.14
3196,4.34
1151,3.21
4584,3.62
2905,3.69
6033,3.95
6634,4.03
6669,3.02
4847,3.92
2373,4.08
805,3.59
487,3.82
7492,3.79
5990,3.81
3094,3.96
5752,4.47
975,3.75
4294,3.86
3947,3.24
4334,4.12
7227,3.99
5702,3.83
1758,3.8
7608,3.81
4563,3.87
4981,3.95
1985,3.57
2320,4.45
6234,4.0
2688,3.73
1352,4.25
2528,3.8
2612,3.36
1172,3.28
7024,3.64
4270,4.53
1788,3.85
5654,4.27
736,3.82
2946,3.56
5484,3.06
4562,3.58
1025,3.68
1078,4.2
524,3.67
787,3.9
2543,4.38
1612,4.35
2423,4.0
6724,4.08
4996,4.13
304,3.99
3838,4.14
5424,4.11
620,3.88
1870,3.69
7013,3.53
5758,4.0
3513,4.11
1558,4.0
1531,3.9
284,3.94
7748,3.31
7727,3.63
6988,3.86
6297,3.48
5759,4.6
267,4.2
5152,4.41
532,4.1
5130,4.21
2107,4.41
5620,4.14
1037,4.19
7312,4.16
2436,3.55
3694,3.83
4961,4.27
1755,3.0
4502,3.7
7274,3.77
2029,3.95
2658,3.91
2791,3.84
5729,4.13
5902,3.96
4117,3.9
5994,4.2
7625,4.1
845,3.0
7863,4.36
5090,3.92
4885,3.74
5151,4.71
1293,4.38
1919,3.9
5128,3.88
2875,3.89
292,4.06
4520,3.8
1164,4.15
4911,3.4
4875,3.7
4295,3.57
5515,3.88
6510,4.5
680,4.1
124,3.73
6776,3.97
5022,4.0
1453,4.53
3063,3.85
3409,3.23
7009,3.8
7954,4.01
1614,4.25
2455,4.44
7713,4.13
5277,4.53
5835,4.14
6505,4.05
7,3.57
4980,3.55
256,3.89
967,4.21
1982,3.98
1635,3.65
4321,3.1
4429,4.16
1785,4.15
7838,4.23
1030,3.93
2936,3.41
7976,4.33
871,3.0
7371,3.3
2562,3.5
3586,4.25
1680,3.86
57,3.75
7641,4.31
1599,3.92
3782,3.69
4748,4.06
7513,4.18
4696,4.12
133,3.93
833,4.06
1950,3.86
6437,3.89
5074,3.89
6049,3.89
4843,3.6
5462,3.89
2728,3.24
980,4.38
7005,4.05
7669,3.96
7817,3.08
6932,4.14
7414,3.4
3465,3.73
1215,3.0
501,3.43
7216,3.96
1872,3.92
4899,3.86
6771,3.92
3077,4.34
6329,3.21
1383,3.36
7738,3.7
3508,3.23
7401,4.43
3262,3.6
161,4.38
5539,4.35
2749,3.59
1953,3.27
6179,3.81
5041,3.64
4674,3.42
5410,3.8
7487,3.52
5060,4.19
2738,3.22
7790,3.84
932,3.54
1973,3.74
1411,3.4
5088,4.69
1726,3.86
227,3.99
838,3.75
2493,3.87
6626,3.24
1528,4.2
7512,4.3
7978,3.92
5737,3.78
717,3.71
5051,5.0
4926,3.65
3317,4.4
3015,3.49
3473,4.24
5834,4.33
4008,3.54
6003,4.63
506,4.45
5164,3.81
7951,4.25
7962,3.84
3459,3.73
5821,5.0
342,3.6
6533,4.09
1497,3.78
3343,4.45
931,3.61
5838,4.17
5521,3.83
4805,4.17
5652,3.81
2837,4.44
5271,3.59
1092,3.56
6135,3.74
303,4.39
5114,4.45
2992,3.79
7870,3.52
1495,4.22
1661,3.92
887,4.21
51,3.19
4030,3.88
1633,3.08
2428,3.88
6969,3.81
6409,3.93
7101,3.38
203,4.03
3710,3.25
3302,4.19
1373,3.81
2966,4.35
1248,3.73
3844,4.8
3980,3.35
3702,3.68
7618,3.35
6984,3.83
7142,3.62
3837,4.34
2474,4.09
2600,3.74
1443,4.1
2968,3.86
3817,3.71
31,3.57
4042,3.71
7765,4.48
6389,4.47
4907,4.02
4669,4.06
1869,3.55
423,3.98
1705,2.34
2004,4.28
774,4.26
151,4.03
3953,4.23
7468,3.78
5804,4.12
5855,4.31
6996,4.05
4874,3.73
6309,3.8
263,3.76
3476,3.67
534,3.9
1459,4.22
4347,4.8
5762,4.21
3431,4.22
1968,4.17
590,2.42
4897,3.42
6091,4.02
6934,3.91
5150,4.2
3882,3.94
1592,3.88
580,3.91
6250,4.07
5072,4.16
2339,3.79
3145,3.7
44,3.7
3942,3.78
7531,4.14
5312,4.12
3050,4.04
2267,4.07
5663,3.0
5953,4.07
6945,4.1
2145,4.42
4376,3.34
7989,3.76
660,3.99
1864,4.22
388,3.95
1643,3.67
4933,4.01
4083,4.12
3731,4.04
268,4.18
2988,3.6
2796,3.84
865,4.79
877,3.89
5643,4.41
5451,4.62
6123,3.5
3793,3.82
1639,4.05
212,3.69
5351,4.47
1451,3.53
4949,3.83
3414,3.76
4366,4.15
7169,3.82
2203,3.93
4195,3.32
4033,3.87
7045,3.39
7878,4.21
7568,3.44
6487,3.94
3212,3.88
4479,2.89
6128,3.78
5609,4.0
1388,4.11
550,4.01
1997,3.95
2336,4.41
1312,3.78
7196,4.07
5700,4.09
5731,4.58
4676,3.8
3598,3.2
1709,3.55
1918,4.1
1357,3.59
825,3.82
7638,4.03
3079,4.45
2133,3.33
7675,4.05
3509,4.22
7950,4.61
6952,3.99
1032,3.36
7902,3.39
1594,3.74
6379,3.89
7415,3.74
1733,3.54
7398,3.69
3697,3.96
5438,4.23
925,3.88
3137,3.79
6177,3.43
5787,4.15
7278,3.82
5810,4.32
7083,3.68
1786,3.97
5692,4.44
3771,4.05
2315,3.53
5116,3.86
4432,3.94
4732,3.94
5492,4.08
6970,3.81
7421,3.63
4521,3.46
2677,3.55
3217,3.58
6818,3.95
1991,3.78
6985,4.29
5313,4.1
1520,3.68
2434,3.56
7441,3.84
1665,4.21
3672,4.21
1900,3.88
4152,3.41
678,4.06
1391,3.94
5370,4.5
684,4.0
6175,3.98
3601,3.5
50,4.08
3638,2.72
7764,4.09
5972,4.2
1557,3.82
189,2.0
5592,5.0
2256,3.8
4136,3.42
5215,3.98
3205,4.21
7250,3.7
5276,3.8
4447,4.13
4948,4.1
1965,4.39
4925,3.15
2642,3.62
4619,3.72
3102,4.03
5401,4.38
7880,3.78
6435,3.69
5047,4.66
2689,3.78
4359,3.77
6544,3.89
5406,3.84
1091,3.97
6080,3.87
6413,4.16
1160,3.55
348,4.37
1561,4.83
5743,4.19
5333,4.77
701,4.15
1090,4.44
2242,3.98
4296,3.3
5018,4.09
2865,3.08
6453,3.22
7938,3.86
6960,3.88
3085,4.24
1911,3.05
2920,4.28
4586,3.77
2583,4.29
2325,4.01
6892,2.86
6998,3.51
5499,3.92
7199,4.42
7453,3.85
282,4.26
5332,4.67
4886,3.93
6903,3.76
2464,3.55
2919,3.16
5075,4.0
3910,4.06
4423,2.79
601,3.75
7109,3.93
2864,3.48
1615,3.97
7528,3.5
3026,4.36
317,3.94
1620,4.08
6891,3.47
7178,3.55
5043,4.13
6398,3.9
7858,3.7
7485,4.04
4941,3.23
1682,4.12
5003,3.68
265,3.68
4419,2.23
207,3.86
7674,4.52
677,3.63
4312,3.28
6271,4.51
4332,3.14
3383,4.09
6813,3.82
2679,3.67
1836,3.83
5446,4.05
2715,3.93
5760,4.31
1325,4.18
3816,4.33
7343,3.39
7537,4.04
4772,4.1
5347,4.19
4254,3.8
4945,3.95
2205,4.0
3505,3.7
2872,4.06
7771,4.36
5596,4.52
5306,4.76
6543,4.0
1782,4.33
1186,3.66
5556,4.29
5225,4.28
1718,4.15
2017,4.31
4201,3.56
7440,3.29
76,3.74
6100,3.76
4863,3.4
6911,3.29
387,4.22
2189,3.93
153,3.5
4731,3.73
5028,3.29
1069,3.71
1158,3.61
2859,4.07
3632,3.79
7310,4.03
7698,3.78
6142,4.27
4237,3.24
6579,4.25
4204,3.39
4461,3.33
7445,4.03
6458,3.72
5707,4.0
3256,4.2
7379,3.69
7919,4.3
623,4.18
563,3.58
3163,3.75
531,3.63
1861,3.37
5251,3.94
320,3.79
6531,3.82
5109,3.64
1647,3.45
6027,4.08
1771,3.25
3797,4.13
1139,3.66
1976,3.88
688,3.86
4384,4.12
5204,4.14
2669,3.77
4570,3.88
5638,4.28
3555,4.59
962,3.8
4569,3.91
297,4.01
748,3.53
7640,3.79
1791,3.67
4754,4.35
5309,4.43
7082,3.82
1244,4.04
7085,3.56
7652,4.02
5187,4.39
14,3.75
1515,4.23
1103,3.66
448,4.0
7716,3.69
2167,3.8
66,3.88
1338,4.33
2523,3.66
5927,3.82
1344,4.11
3911,3.45
5786,4.08
4637,3.91
4499,3.99
3067,4.59
5802,3.67
852,4.0
3954,3.36
2065,4.07
7893,3.66
1694,3.94
4382,4.0
1990,3.82
101,3.78
5602,3.88
5295,4.29
2509,3.92
2070,3.42
2064,3.64
25,4.02
4852,3.86
2975,4.21
6577,4.4
1405,4.0
5305,4.01
3545,3.56
4364,3.6
5274,4.31
2113,4.42
6982,3.18
2631,4.32
761,3.92
1910,3.99
7124,3.7
4156,3.92
3496,4.05
6260,3.77
5924,4.02
37,4.1
1372,4.23
120,3.3
5408,4.57
4606,2.89
4024,4.29
3737,3.89
3295,3.78
6491,3.77
2280,4.21
1195,3.82
3893,4.27
1286,3.98
2282,4.18
5705,4.56
2054,3.62
2161,4.16
7846,3.98
2866,4.1
7221,3.86
3766,3.25
858,4.35
4108,3.83
2531,3.74
3171,3.9
1698,4.1
137,3.77
7044,4.03
3553,3.97
3032,3.99
570,3.65
2613,4.42
1031,3.98
7895,3.35
6541,4.21
3223,3.55
2598,3.45
584,4.26
3639,4.22
2115,4.3
6055,4.25
5230,4.09
2895,4.21
4011,3.61
7629,4.22
21,3.87
5376,4.38
523,4.18
5782,4.59
6029,4.0
2351,4.02
324,3.72
1218,3.76
1741,3.4
6076,3.9
6750,3.85
7429,3.38
6967,3.77
3809,4.03
1346,3.64
6477,4.14
2477,4.31
2314,3.84
7609,4.58
2197,3.56
2104,4.03
398,4.05
3379,3.86
3437,4.06
6688,3.77
3113,4.5
3959,4.48
2513,4.08
2651,4.33
3336,3.84
1435,4.5
2013,3.16
1817,4.33
2721,3.95
2500,4.22
591,3.59
5580,4.25
3494,4.09
517,3.35
3480,4.11
5529,4.24
6387,3.66
944,3.57
1087,3.57
5353,4.09
409,3.58
2626,4.29
1142,3.78
1101,4.25
7136,3.05
3487,3.31
5742,3.87
1523,4.28
6957,3.75
3156,4.21
3640,4.17
4125,3.88
4776,3.7
7339,3.41
1474,4.07
5403,4.1
7576,4.75
5614,3.96
2733,3.42
5374,4.13
7907,3.99
1527,4.31
1688,3.55
2990,3.54
4357,4.22
1829,4.11
3818,3.77
7851,3.58
1711,4.14
5480,3.65
6450,4.12
947,4.05
5611,2.5
7616,4.05
3105,4.4
1247,3.71
5563,4.32
5169,4.18
4991,3.85
4532,4.6
6349,4.35
1704,4.37
2986,4.37
3271,3.85
1546,3.99
5132,4.58
5829,4.33
7686,3.83
339,4.13
4670,3.16
2441,4.3
333,3.78
5911,4.19
3040,3.95
3452,4.23
5749,3.63
2520,4.22
4848,3.88
5453,3.7
4050,3.52
7562,4.1
3963,3.71
958,4.32
5910,4.77
1551,4.13
1341,3.96
143,3.43
4308,4.07
5384,4.09
4214,3.56
7145,3.65
5013,3.47
2011,4.0
7861,3.81
4153,3.5
5081,4.14
7478,3.78
7792,4.02
4871,3.54
5685,4.29
5205,4.15
3404,3.97
1667,3.72
4720,3.7
1689,3.14
4417,3.38
4453,3.23
5429,4.25
295,4.32
1307,4.03
1966,3.78
6374,3.78
1099,4.11
1380,3.88
378,3.67
1329,3.88
5079,4.0
4715,3.8
6711,3.54
3363,3.86
5237,4.32
6002,4.47
6886,3.93
916,3.95
2271,3.6
5980,3.48
5851,3.8
3948,3.79
364,4.05
3004,4.22
5570,3.8
5291,4.22
7018,4.66
4596,4.04
2419,4.44
5588,3.24
2377,3.67
2974,3.86
5947,4.35
4090,4.12
1425,3.84
3444,4.06
2993,3.78
5775,3.48
5606,3.86
444,3.69
3477,4.14
703,3.94
7198,3.5
3346,3.45
6550,3.62
5845,3.0
126,4.18
6496,4.02
2555,3.85
7653,4.03
5576,4.6
6749,4.05
4898,3.91
2000,3.15
7300,4.01
376,3.86
2541,3.36
6410,4.14
3486,4.03
1015,4.14
2989,3.9
4470,3.74
4129,3.55
5871,3.41
6551,4.28
7299,4.32
826,3.99
2083,4.03
7028,4.28
3386,4.54
4392,3.73
1470,4.12
1271,3.9
2279,4.21
6742,4.06
3946,3.63
3169,3.79
3311,4.16
2465,4.32
307,3.71
797,4.08
4706,3.8
3537,4.17
927,4.4
2395,3.83
3619,3.81
247,3.75
1354,3.7
1053,3.71
2705,4.16
5212,4.0
2178,3.96
1028,3.53
2821,3.86
7825,3.48
7349,3.54
5553,4.2
4467,4.25
1340,4.23
3551,4.08
3470,3.36
5020,3.71
960,4.04
892,4.27
2863,4.02
1710,3.83
1849,3.33
2222,4.04
7595,3.54
5578,3.06
5338,3.92
4579,4.1
1761,3.61
2418,4.0
7338,3.74
1505,4.22
1995,3.73
2278,4.06
7886,3.92
5866,4.41
7025,3.89
6447,3.99
4505,4.04
288,3.48
6380,4.02
7860,4.26
3571,3.82
2466,2.89
1368,3.11
7200,3.73
5555,4.21
3528,4.62
5791,3.89
474,3.48
1297,4.16
7173,3.83
5488,3.89
7069,3.7
930,4.15
3924,3.38
1862,3.48
751,4.05
481,4.38
1660,3.66
7132,3.69
586,3.88
1845,4.09
2040,4.31
3469,4.42
5558,4.43
145,4.44
7972,4.49
404,3.96
3478,4.16
4236,3.5
1947,3.89
1690,3.79
2878,3.27
2706,3.14
3722,4.35
3730,4.32
5531,4.23
5523,3.75
141,4.51
3931,4.23
277,3.66
6743,3.07
3475,3.75
5622,4.37
3104,4.09
7377,3.82
5243,4.24
6188,3.54
7615,3.86
6382,2.94
2648,4.36
5739,4.14
508,3.62
5317,4.4
1842,4.33
4221,3.67
3945,4.12
711,3.55
2979,4.17
102,3.23
6493,3.66
5368,4.42
6471,4.07
1469,3.79
7957,3.67
5402,4.1
6369,4.22
7046,3.69
4972,3.67
4202,3.93
299,3.53
7233,4.08
5175,4.26
1217,3.76
7993,4.28
2337,4.1
1254,4.01
4714,3.38
7778,3.31
5275,4.19
372,3.66
3034,3.81
5001,3.65
2787,3.69
575,3.9
1946,4.23
280,3.8
3442,4.24
3641,3.98
1732,3.33
4709,3.84
4540,3.67
7849,4.27
385,3.72
7489,4.15
2369,3.9
456,3.64
5434,4.47
7922,4.09
4767,3.98
5849,3.85
4687,3.84
3907,3.98
2701,3.38
2486,4.22
596,4.0
735,4.27
2846,3.61
4634,4.29
7191,3.73
150,3.9
6735,3.89
6190,3.75
1044,4.2
5524,4.25
482,3.76
7563,3.43
7740,3.27
3219,4.08
1526,4.04
5154,3.23
2484,4.4
2309,4.02
2269,4.37
5668,4.1
3758,4.16
1442,3.88
6774,4.1
3406,3.54
7376,3.55
5938,4.23
1269,4.0
1166,4.35
3741,3.86
2372,4.44
3179,3.77
2887,4.42
1429,3.38
2922,4.17
4115,4.16
5242,4.14
2530,3.68
5595,4.34
7048,4.08
4741,3.96
5302,4.52
5098,3.94
6508,3.91
3578,4.04
2342,4.35
6748,3.88
6214,3.91
4162,3.92
1740,4.06
2799,2.62
6668,4.07
7579,3.78
2579,4.64
1237,3.73
6519,4.02
3358,3.38
5641,4.08
5808,3.78
6065,3.4
1095,4.02
1770,3.31
289,3.8
1450,3.46
7174,4.0
2059,4.22
5783,3.65
1874,4.09
2903,3.91
7509,3.96
2696,4.16
5377,4.4
1509,5.0
1796,3.53
5179,4.41
7455,3.75
757,3.79
702,3.92
1114,4.06
2703,4.29
2346,4.05
3791,4.28
7078,4.05
1406,2.73
6948,3.82
1251,3.8
375,3.47
1496,3.73
220,3.88
236,4.65
5325,4.06
4902,3.66
6016,4.09
7864,3.96
165,4.02
7614,3.88
6696,4.09
5836,4.0
6584,3.9
1777,3.65
229,3.83
3098,3.97
4471,3.43
1385,4.2
5395,4.55
1670,3.83
1384,3.97
6798,4.21
156,3.7
6646,3.79
7646,3.4
7063,3.45
7417,3.77
7287,3.87
5318,4.31
155,3.74
1381,4.4
582,3.47
1850,3.6
6612,3.92
4999,3.96
5797,4.35
3019,4.37
6285,3.82
4746,3.79
1376,3.53
562,4.08
7564,3.41
3901,3.56
7209,3.91
6042,3.85
4086,4.16
4243,3.78
7139,4.56
5267,4.2
895,3.66
7721,3.84
3046,4.09
4588,4.22
3484,3.93
2671,4.28
1161,3.3
2802,4.37
564,4.37
5063,4.23
2296,3.25
6553,3.83
5127,4.57
4260,3.29
4003,2.89
3715,4.37
3902,3.71
546,4.07
5635,3.46
3078,3.62
1516,3.62
2535,4.36
454,4.02
2381,3.7
5222,4.0
3297,3.67
1813,4.18
6695,3.71
7259,3.65
1444,3.81
7446,4.25
3568,3.53
1361,3.05
6241,4.22
4089,3.83
1500,4.05
5528,4.29
7539,3.51
2848,4.48
939,4.04
4724,3.93
3679,4.26
5995,3.68
4984,3.5
4604,3.86
1427,3.82
5498,3.99
6243,3.69
3582,3.66
4228,3.63
784,3.17
7875,4.23
6947,4.46
3705,3.8
5777,4.0
4901,3.49
829,3.5
7168,3.78
1204,3.92
7758,4.58
5722,4.49
4455,4.0
2630,3.4
6244,3.97
2611,4.31
5858,4.24
654,3.97
6870,4.4
3207,3.8
3306,4.4
5200,4.11
7148,3.77
909,4.18
2836,3.59
3166,3.52
3650,3.58
179,3.94
33,4.28
7019,3.9
6363,4.17
7217,3.64
5427,3.54
7040,4.68
2031,4.5
4950,4.09
3254,3.71
7556,4.75
5299,4.14
7944,4.06
5173,3.87
4076,3.71
917,3.74
4167,3.73
4535,4.01
7767,3.64
3299,3.77
5839,4.12
2546,4.31
279,3.75
6830,3.49
5459,4.24
374,3.67
894,4.19
4338,3.63
7277,2.25
2376,4.25
5039,3.89
982,3.89
4705,3.2
4091,2.93
4436,4.09
1914,3.65
5768,4.54
3250,3.5
6880,4.08
2096,4.02
1407,4.21
1279,4.15
2485,4.04
5323,4.24
1499,4.16
3889,3.92
5435,4.16
3574,4.07
3132,4.45
4610,3.84
2039,4.28
6187,3.89
2844,4.3
3175,3.74
1475,3.87
5311,3.81
3202,4.17
7873,3.59
1607,3.75
4798,3.44
5303,4.18
5979,3.85
7937,3.25
5360,4.23
1363,4.36
4543,3.84
1268,4.28
2414,3.4
2697,3.76
7831,3.71
3757,3.7
5430,4.4
6149,3.38
5642,4.34
1583,3.51
514,3.41
3561,3.97
6084,4.15
1242,4.08
7813,4.28
976,3.67
6174,3.24
1972,3.93
565,3.67
5456,3.33
30,3.65
2274,3.84
3338,3.7
2120,3.52
4052,4.19
7437,3.53
4303,3.96
2790,4.46
5086,3.85
2106,4.37
6498,3.86
1437,4.26
3474,3.41
3550,3.75
5582,4.67
1305,3.39
1010,3.95
5894,4.22
1789,3.93
3842,3.54
4561,3.67
6351,3.61
4854,4.03
4342,3.48
6291,3.43
5908,4.63
4218,3.49
6381,4.19
4274,3.6
154,3.68
2926,3.94
5083,4.55
2983,3.41
239,3.81
5840,4.09
4866,3.47
6499,3.86
2841,3.76
2006,4.06
5209,4.33
4379,3.97
870,4.03
4313,4.11
1184,4.05
1544,4.33
2266,4.08
4109,4.51
5665,4.38
4658,4.02
2415,3.55
7983,3.79
7554,3.95
5055,4.44
902,3.81
6392,4.25
1421,3.54
1283,3.74
1638,4.0
6129,3.91
2501,3.75
1109,3.17
7363,3.75
836,3.92
3760,4.38
2368,4.33
5772,4.17
4258,3.78
1778,3.98
4198,3.26
1193,4.13
2575,4.19
5597,3.55
5110,4.4
5551,4.1
7088,3.21
7360,4.05
5590,3.73
7503,3.37
4813,4.16
7305,3.85
5471,4.05
3719,3.54
3291,3.62
2326,3.08
3206,3.99
7986,4.1
4935,3.82
1795,3.97
5579,3.78
3521,4.27
7885,4.17
4223,3.64
5223,4.25
221,3.67
924,2.75
7715,3.83
3213,3.86
2439,3.68
5339,3.62
4549,3.99
2226,3.87
7484,3.78
430,3.78
990,4.04
3011,3.8
5017,4.0
4489,4.01
1394,3.83
2249,4.37
7182,2.86
3136,4.6
4140,3.56
5998,3.38
7092,3.64
5301,4.68
4930,3.65
3088,3.62
5601,4.28
792,3.59
5094,4.02
7690,3.94
884,4.26
5564,3.14
4093,3.9
4908,3.74
659,4.0
2049,3.85
4043,3.75
4119,3.48
4756,3.57
4369,2.86
5526,4.89
4665,3.62
1543,4.15
96,4.04
7294,3.56
1353,3.89
5811,4.24
1054,3.49
7119,3.27
2725,4.21
7158,3.69
837,3.85
1747,4.17
3259,4.13
2724,4.21
2281,4.24
4145,4.04
1763,4.31
109,3.67
6839,4.31
7459,4.2
5741,3.84
8006,3.42
7930,4.38
8005,4.15
2435,3.73
3064,4.4
992,3.76
1397,4.12
7205,3.34
19,3.79
3495,3.78
672,4.05
2375,4.45
6617,3.58
5623,3.93
5391,3.18
1828,3.87
5203,4.27
7941,3.68
794,3.81
2786,3.75
5050,4.62
6226,3.69
7558,4.04
7365,3.77
3775,4.01
6261,4.07
1582,4.33
6342,4.12
3696,3.58
1573,3.84
4350,3.4
793,4.15
949,4.13
6718,3.97
1745,3.71
4560,3.66
1629,3.68
1868,4.4
3678,3.76
4841,3.79
3390,3.71
5483,4.21
2255,4.02
3147,4.12
38,4.0
242,4.18
3435,4.11
4298,3.6
5756,4.34
4900,3.94
1713,4.43
6689,3.81
392,3.89
445,3.4
3538,3.74
3340,4.13
5621,4.13
6269,3.88
4688,4.09
512,4.04
5231,3.93
7874,3.87
2480,3.58
5262,4.5
391,4.08
700,3.08
6925,4.16
2874,3.74
7270,3.79
7404,3.67
1640,3.93
3823,3.46
2206,3.48
7936,3.37
4800,3.68
2442,4.29
7017,3.85
7273,3.53
7772,3.86
6433,3.85
7664,3.89
112,4.11
4728,3.82
12,3.55
1005,3.57
1866,3.52
876,3.91
5885,4.46
1483,4.41
3000,4.09
3857,3.64
7682,3.83
3933,4.2
5594,4.13
6184,4.16
5159,3.69
840,3.8
1068,3.72
728,3.78
908,3.62
2382,3.97
1898,4.04
3049,4.11
4044,3.81
6954,3.26
4012,4.14
4639,3.69
1167,3.96
7214,3.72
1993,4.0
4883,4.02
1964,3.69
3447,4.17
2757,4.12
7093,3.58
452,3.7
6796,3.93
337,3.71
2641,3.58
7254,2.73
2323,4.04
5634,3.7
1348,4.1
529,3.64
3518,4.18
991,4.1
3241,3.27
4496,3.96
1529,4.31
6876,3.69
6144,3.72
3922,3.55
5630,4.28
5160,4.19
2860,4.34
1739,4.01
7594,3.71
7543,3.9
1825,2.88
7450,4.11
5224,4.26
3052,4.24
1124,4.18
4264,3.91
3228,4.2
6472,4.17
4459,4.03
2772,4.05
3534,3.72
1389,4.28
7477,3.62
1996,3.46
996,3.38
7302,3.57
7473,4.33
3693,3.46
7956,3.8
551,3.82
978,4.2
366,3.89
3926,3.61
7547,4.21
5144,3.78
1402,4.15
5246,4.53
3188,3.14
7947,3.68
7275,3.56
943,3.95
7458,3.42
1892,4.18
180,3.94
1668,3.92
6089,3.69
7964,3.52
2580,4.38
2058,4.19
5156,4.13
1756,3.97
683,4.45
3127,3.39
5283,4.43
476,3.36
1888,3.55
2330,3.7
2310,4.4
5589,3.88
2156,3.68
6574,4.01
7480,3.64
6539,3.76
3275,3.91
690,3.99
2148,4.36
1358,3.51
554,2.93
6442,3.98
1585,3.47
4507,3.82
5383,4.41
969,4.08
7685,4.12
470,4.02
5637,4.0
5495,4.13
323,3.44
5671,4.07
1787,3.0
5210,4.43
7324,4.11
7970,4.34
2472,3.84
5930,4.0
6943,4.2
7890,3.83
6566,3.9
1205,3.5
5615,4.39
1196,3.7
5632,3.48
1128,3.68
763,3.49
1396,3.52
5967,4.17
7934,3.79
2262,3.2
7386,3.87
2202,2.7
3792,4.03
7832,3.47
240,4.16
4645,3.75
1026,3.92
6110,4.03
5577,3.83
7081,3.76
3617,4.4
5218,4.45
5616,4.57
1201,3.38
1702,3.98
4292,3.33
3979,3.84
1113,3.71
6889,3.74
6296,4.54
835,3.76
6333,3.65
5545,4.13
4361,3.43
756,4.05
1913,2.96
3811,3.18
3995,3.98
7428,4.21
2201,4.1
7411,3.7
6778,4.4
7632,4.14
7383,4.25
2195,4.19
3285,4.47
3449,4.28
7592,3.64
5417,4.19
7481,3.98
907,3.67
6155,3.41
953,4.1
75,3.85
7705,3.9
7179,3.72
1743,3.85
2921,3.46
4404,4.22
4708,3.89
2596,3.83
2475,3.5
7241,3.66
4144,4.17
6227,4.04
7688,4.18
4681,3.62
1876,3.06
1653,4.05
3260,4.24
3994,4.1
2585,4.42
5371,4.04
7067,3.8
5573,4.53
4340,3.82
7204,3.67
1818,3.48
1691,4.28
2410,4.27
7103,3.62
4917,3.75
1224,4.06
6112,3.6
2889,4.16
5255,3.83
2619,3.0
785,3.63
149,4.1
281,3.43
7043,3.76
5788,4.13
7681,4.0
2332,4.06
2162,3.42
1781,3.25
61,4.53
5177,4.31
5644,3.23
1672,3.83
2398,4.45
670,3.31
405,2.62
1805,3.62
2109,4.55
2691,4.04
3971,4.1
5842,3.87
4919,3.98
6805,4.48
2953,4.0
6494,3.12
2400,3.65
1860,4.36
4222,3.93
6744,3.53
3395,4.01
587,4.07
2301,4.11
422,3.88
7620,3.96
5379,4.28
973,3.8
6044,4.19
7703,3.96
2904,4.53
3512,4.15
116,4.28
2094,2.59
7187,3.81
4387,3.29
3675,3.7
5058,3.38
163,4.15
7502,3.02
4449,3.93
2770,4.08
1085,4.36
6753,3.8
7322,3.27
5279,3.86
2640,3.87
4929,3.71
2637,3.79
2897,3.9
360,4.3
1560,4.22
6893,4.12
4655,3.84
1120,3.79
5057,4.0
5171,4.04
2018,4.43
6928,3.95
6697,3.93
5689,3.94
1072,3.61
1303,4.04
5538,4.12
3565,4.48
1630,3.94
3919,4.17
741,3.5
7555,4.09
2781,4.38
7416,3.71
2044,3.4
4593,3.88
3834,3.7
5294,4.09
3620,4.38
547,3.25
5282,3.59
5334,4.26
3663,4.55
6356,3.71
5673,4.0
6647,3.33
5142,3.86
7952,4.34
2591,4.23
6853,3.56
2776,3.8
5366,4.27
7094,3.66
7149,3.88
367,4.16
210,3.71
2220,4.0
5574,4.33
3845,4.24
1404,4.0
3706,4.32
6422,4.16
4758,3.81
5198,4.35
255,4.16
2444,4.25
5876,4.2
447,3.55
5535,4.47
4428,4.0
5288,4.31
7264,3.8
1487,4.02
2810,4.5
3265,3.97
3120,4.08
6686,3.68
5470,3.67
1893,3.91
1897,3.6
325,3.41
6653,4.02
7904,4.57
1448,3.39
8002,3.79
2615,4.34
5263,4.12
2245,3.57
2834,3.72
3898,3.77
4877,3.58
4550,3.82
5878,3.85
4060,4.3
5141,4.89
5352,3.98
1208,3.04
6310,4.46
1522,3.42
641,4.0
6196,3.61
272,3.94
3084,3.57
1967,4.06
1456,4.3
7253,3.93
1959,4.04
107,4.1
433,4.12
5477,4.5
3624,3.69
6092,3.62
4647,3.73
5572,4.17
1079,3.84
6636,3.9
1903,3.72
6115,4.01
1074,3.94
4002,4.5
7439,3.73
5101,4.23
5373,4.12
1299,3.85
2675,3.82
5865,4.15
5437,4.25
1415,3.45
55,4.05
4580,3.84
2424,3.51
7700,3.88
2159,4.0
7029,3.59
7059,4.07
7892,3.91
5350,4.4
4120,3.91
6506,3.76
6015,3.75
7897,3.94
5833,4.09
5005,3.83
1132,4.17
1590,4.34
5847,3.04
6473,3.35
4963,3.76
6694,3.87
1840,2.94
2567,3.69
6795,3.72
3652,4.06
7960,3.87
7283,3.69
53,3.68
3424,3.69
7798,3.95
1319,4.21
4100,3.82
5021,3.88
1214,4.14
1904,3.95
5512,3.89
1473,3.95
4672,5.0
3855,3.56
6641,4.02
4742,4.06
105,3.72
1023,3.8
2229,3.27
3222,3.72
786,3.59
6906,3.8
1207,3.33
869,3.81
1454,4.14
2217,4.1
2789,3.68
2741,4.46
7818,3.88
6732,3.46
201,3.42
2009,3.16
3886,3.87
4769,3.84
5645,4.36
4501,3.79
1569,3.7
2069,3.18
7501,3.56
6428,4.33
1409,4.41
6098,3.82
4372,3.89
2882,4.07
2408,3.8
3815,3.74
223,4.28
6959,3.45
4486,3.5
6806,3.78
5216,3.77
3392,3.76
130,3.82
2636,3.98
1949,3.76
7612,3.88
963,3.97
5249,4.09
4771,3.98
3530,3.65
5485,4.51
18,3.08
493,3.83
5679,2.75
1428,3.82
1417,4.53
3382,4.36
2643,3.62
7677,3.88
788,4.2
6592,4.11
4737,4.16
6434,3.86
5518,3.95
3055,4.09
6207,3.14
1971,3.94
1009,3.53
2854,3.5
7461,3.72
1327,3.73
478,4.0
1555,4.13
7905,4.09
1154,3.41
5727,4.15
4738,4.26
1096,4.17
3482,4.0
750,3.89
6346,4.14
3374,3.88
3833,3.64
1673,3.89
2537,4.42
2906,4.67
5233,4.33
3804,4.32
3504,3.85
1466,3.97
4424,3.6
2670,4.23
2212,4.25
5149,5.0
1043,3.47
4046,4.07
1908,3.8
7476,3.29
1663,3.86
389,3.9
1075,3.83
7762,4.03
1498,4.21
7569,3.82
3594,3.95
7367,3.74
1999,4.06
1261,3.91
724,3.61
3092,3.81
2862,2.98
2744,4.15
5971,4.11
2607,4.56
1110,4.39
1351,3.75
3071,3.38
2209,3.33
6292,3.43
1608,3.45
7866,4.28
3115,4.16
7433,3.86
1262,3.61
7689,3.87
5185,4.19
4978,3.91
6643,3.78
7493,4.1
893,3.85
6520,4.13
2191,3.86
1948,3.07
4887,3.94
3595,4.31
5473,4.4
7524,3.93
416,3.26
1267,3.87
7345,3.64
7369,3.55
6844,3.93
1980,3.38
4740,3.86
7011,3.71
1880,4.83
998,3.9
3498,4.17
5557,4.29
4110,3.69
7692,2.94
1464,3.11
1723,3.8
7105,4.13
1122,3.68
5600,4.19
1334,4.04
3307,3.09
4817,4.12
5328,4.16
4244,3.83
4200,3.68
7574,4.3
7621,4.21
4755,4.12
7020,3.19
5649,3.71
4478,3.77
2081,4.07
7463,3.86
3037,3.89
4096,3.91
7494,3.57
5546,3.33
1595,4.1
2938,3.89
1484,4.16
5607,3.72
352,3.84
4511,3.85
7835,3.76
5508,4.17
1231,4.17
2815,4.12
4186,3.47
5464,3.86
6768,3.91
7704,4.23
4074,4.34
3453,3.97
1490,4.19
7921,4.16
5265,3.22
1819,3.92
3626,3.68
5000,3.67
1621,3.89
4173,3.69
5956,4.04
3230,3.45
5122,3.96
2297,4.09
1042,4.25
6056,4.05
5355,4.18
7359,3.71
383,4.17
2338,3.6
1886,3.9
3334,4.33
4858,4.06
7397,3.61
1512,4.28
4309,3.75
1227,4.2
49,4.11
2034,3.58
5496,3.72
2350,4.59
4491,4.05
2879,3.77
7309,3.54
3881,4.5
5636,3.93
1016,3.92
1784,4.27
5034,3.81
5270,4.06
4856,4.38
6156,4.03
7853,3.46
2053,4.05
6364,3.88
2803,3.84
2599,3.56
1935,4.42
2763,3.64
6788,3.6
3399,3.95
7407,3.69
7847,3.46
6357,4.01
3313,4.41
3751,3.47
2603,3.1
2877,3.87
1565,3.22
1975,3.7
4014,4.07
2467,4.12
3351,3.65
3124,3.5
1083,3.53
2849,3.8
4537,4.08
3998,4.08
5487,3.58
3897,3.76
6534,4.22
558,3.31
5217,4.13
5801,5.0
1942,4.13
5087,4.05
2898,4.56
6910,3.67
5273,4.3
5720,4.47
4508,3.82
1018,3.53
5755,4.5
3903,3.71
4661,3.87
6119,3.96
3162,3.49
455,3.97
4403,3.96
1596,3.78
7899,3.68
1441,4.37
3965,4.19
1203,3.34
1773,3.55
2180,4.52
3038,4.05
7966,3.76
6825,3.82
4360,3.54
463,3.12
4188,3.67
5316,4.21
7871,4.08
3467,4.07
3499,4.19
810,3.7
1855,3.18
7655,3.81
555,3.76
662,4.54
7357,4.0
5514,3.86
4441,3.44
4987,3.63
5991,4.58
2272,4.33
4238,3.69
5763,3.35
7696,4.3
6198,4.07
6655,3.88
831,4.04
7791,3.85
7843,4.12
4787,3.19
5740,5.0
3611,3.98
5502,3.65
6166,3.47
636,4.32
7702,4.62
2614,4.23
5941,3.84
185,3.86
2168,4.17
933,4.41
1854,3.97
7706,3.49
4267,3.6
488,3.26
5997,4.62
7581,3.23
7731,3.92
1287,3.9
2833,3.44
694,3.73
5493,4.1
7852,4.07
1191,4.0
7004,3.64
4164,4.09
1127,3.72
3201,4.25
4829,3.61
6869,4.16
3422,3.37
5554,4.4
5461,3.97
2061,3.91
6423,4.04
3935,4.25
3500,3.64
4946,4.19
2609,3.91
2374,3.79
3289,4.12
249,3.29
402,2.6
3195,4.1
637,4.29
7079,3.98
658,3.93
3920,4.17
841,3.68
264,3.85
198,3.76
1744,4.56
3252,4.08
7098,4.08
6949,3.56
7991,3.72
2536,4.34
3157,3.9
450,4.03
4702,3.64
3891,2.94
1859,3.31
3337,3.54
4927,4.44
7601,4.27
5139,4.0
6315,4.03
712,4.08
4556,3.91
5778,4.27
4288,4.0
1335,3.93
771,4.52
2075,2.96
4113,3.98
3103,4.41
2119,4.02
2655,4.19
6532,4.04
3798,4.14
152,4.28
3884,3.76
4166,4.3
742,3.64
3353,4.04
2103,4.05
401,3.92
676,3.63
7565,3.89
1138,3.58
5646,3.89
1602,3.33
7551,3.59
7382,4.23
7183,3.71
7915,4.12
611,3.86
5042,4.02
309,4.08
334,3.77
368,4.04
6158,3.9
5901,4.23
5898,4.42
6606,4.16
3827,3.7
6585,3.44
2857,3.8
626,3.54
7064,3.85
4905,3.48
3261,4.15
5822,4.62
7586,4.43
6018,3.71
7626,3.74
5143,4.52
4163,3.78
2389,3.64
6854,4.18
535,3.44
36,3.97
7756,3.59
5111,3.83
5896,4.32
766,3.38
2121,3.52
4315,3.77
5486,3.87
4445,3.39
6459,4.04
5988,3.43
7841,3.89
2348,4.2
6416,4.17
989,3.96
7021,3.89
3711,4.04
6590,3.73
6257,3.77
1294,4.0
1105,3.49
7707,3.96
6975,4.31
7185,4.23
5936,4.3
613,4.06
5921,4.1
209,4.17
7793,4.14
140,3.68
6613,3.45
340,4.17
6833,3.21
5046,4.71
7252,4.12
3448,3.8
2618,4.0
208,3.12
6399,3.67
1462,4.06
4077,4.04
4503,4.15
3896,4.16
2025,4.59
5617,3.8
2627,3.51
3591,3.74
11,3.87
6440,3.82
253,3.59
6124,3.98
5627,3.88
6320,4.08
6140,4.12
2219,4.18
6709,3.69
4722,3.5
7588,3.12
666,3.54
3820,4.09
3503,3.96
2223,3.51
2127,4.0
3656,4.13
4525,4.11
6597,3.23
7782,4.31
2544,3.39
4216,3.78
644,3.93
6926,4.06
7743,3.61
426,3.99
2,3.98
2460,4.37
5949,4.22
7151,3.65
2962,4.17
7131,3.82
7881,3.87
1173,4.1
3389,4.11
3645,4.5
3660,4.24
6317,3.88
6486,3.89
901,3.89
2508,3.92
4710,3.82
2470,3.73
7779,3.71
3075,4.13
1089,3.49
5108,4.22
6610,3.69
4481,3.73
1326,3.65
3130,3.94
7668,3.75
2512,3.61
169,4.51
527,4.42
7327,3.07
2380,3.89
6699,2.89
2952,3.46
6682,3.21
3584,4.23
5993,4.45
4245,3.87
4784,3.89
3673,4.02
6052,4.05
3765,3.77
7585,4.09
2179,4.53
2957,4.02
7894,4.05
4982,3.82
52,4.24
5631,4.24
7589,3.59
7613,4.39
1566,3.8
495,3.75
7256,3.45
5349,4.17
714,3.62
934,4.11
4644,4.0
5048,4.17
274,4.23
2407,2.0
7603,4.16
6068,3.91
1378,3.95
4574,3.7
1491,3.9
4079,3.48
5899,4.04
3872,3.71
3128,4.27
7842,3.57
6143,3.9
900,3.67
477,3.79
6799,4.26
896,3.9
4300,4.01
3116,3.13
7408,3.62
4438,3.61
6793,3.68
1284,3.56
2561,2.55
6882,4.02
5730,4.31
2204,3.8
5123,4.46
1455,4.3
3013,3.75
2221,3.54
1342,2.89
3579,4.36
2479,3.94
6575,3.72
2756,3.43
7903,4.05
4234,4.04
6332,3.27
2748,4.0
7284,3.6
6404,3.81
6224,4.21
7180,3.86
4001,3.35
7035,4.27
951,4.16
1962,4.75
2261,3.55
7667,3.97
7193,3.54
5599,3.6
5807,3.85
6552,3.69
4468,3.92
610,3.7
2947,4.23
1002,4.22
1863,3.88
5785,4.14
2123,4.11
4161,3.41
2704,4.12
6763,3.69
3900,3.21
1684,3.89
4377,3.97
3588,2.92
5559,4.32
2554,3.94
3106,4.34
6316,3.39
2283,4.17
3602,4.18
2605,2.29
5505,4.53
7651,3.88
4284,3.26
4986,3.78
985,4.29
7884,4.46
6400,3.07
3072,3.99
1000,4.18
6829,3.93
2726,4.25
2924,4.33
1211,3.51
2487,3.88
2243,3.63
7824,3.79
5463,4.39
3057,3.92
2547,4.0
4500,3.82
275,4.14
1292,4.02
7654,3.78
3068,3.95
5877,4.28
3564,2.95
7479,4.31
5799,3.7
4272,3.8
6490,3.72
957,5.0
7106,4.23
6468,4.21
6721,3.99
921,3.72
6723,4.26
3468,3.86
3585,4.13
3108,3.78
6991,2.75
2125,4.21
4598,3.26
6804,2.95
6645,4.23
1176,4.19
1183,3.84
1576,3.78
2401,4.31
513,3.57
3916,3.64
3721,3.13
5392,3.71
6659,4.36
7436,4.0
1119,3.89
6662,3.84
1008,3.89
5530,4.34
7755,3.95
6289,4.13
1458,3.91
3231,4.03
7757,3.95
5260,3.72
5176,3.69
2806,4.47
1258,3.57
2386,4.11
7679,3.53
3216,3.81
5819,4.35
4396,3.62
4641,3.39
533,3.88
3784,3.81
346,4.37
4414,4.31
2678,3.25
3928,4.1
1878,3.73
3058,3.86
1179,4.2
6965,3.67
5942,3.62
2185,3.61
3344,4.42
4177,3.92
3440,2.78
7514,3.84
1738,4.11
2276,3.83
4,4.28
3750,4.16
5846,3.2
3112,3.69
2404,3.92
246,3.35
7525,2.94
1159,3.37
4757,3.64
4488,4.1
5025,4.46
6756,3.64
656,4.01
1257,4.0
2592,4.15
3950,3.73
6014,4.13
2239,4.0
632,3.73
315,3.83
5052,4.0
3255,3.97
6465,3.76
7540,3.62
1687,4.57
7409,3.88
2985,4.26
6321,3.61
7942,3.3
4697,3.77
3776,3.21
1212,3.79
6479,4.07
5926,3.61
3506,3.82
4480,4.38
4088,3.13
3801,3.81
2300,3.79
2839,3.73
7451,3.5
1143,4.11
4199,3.81
4617,3.0
5717,4.12
5405,3.84
6899,3.95
4846,4.11
1045,3.74
400,3.67
3580,3.95
1162,3.68
6222,4.15
7761,3.77
2417,3.68
7072,3.17
6765,4.02
4721,3.57
903,3.81
3796,4.13
2753,3.43
5527,4.19
2163,3.3
7087,4.03
3016,3.82
3350,4.06
2497,3.88
7649,3.29
7471,4.24
1246,3.71
8003,4.1
4726,3.97
24,3.79
1768,3.69
7038,4.61
7980,3.32
1449,4.61
3485,3.91
6652,4.13
1188,3.61
6323,3.58
6568,3.94
2606,4.17
5959,3.38
7036,2.9
873,3.85
4684,3.6
3184,4.0
3674,4.01
7291,3.53
2912,3.69
4611,3.47
6385,4.35
7352,3.96
4533,4.15
1324,4.38
3242,4.55
2569,3.15
2084,4.28
1887,3.9
3193,3.69
3873,3.79
7423,3.08
5610,4.17
1337,3.92
2128,3.96
859,4.12
4319,3.88
2909,3.63
2665,3.21
2911,4.25
1618,3.91
2129,3.6
2494,3.97
7317,3.58
6116,3.78
7469,3.71
7153,3.86
782,3.76
7034,4.02
3082,3.99
804,3.83
843,4.42
5955,4.0
2970,3.71
6373,4.3
5703,3.33
4051,4.1
3497,3.8
6990,3.72
7330,3.81
3173,4.16
775,3.72
3704,4.05
5067,3.93
5167,4.21
7783,2.21
266,3.98
3943,3.55
4433,4.0
6492,4.8
5466,4.71
818,3.91
1714,4.05
7911,3.8
6225,3.56
2429,3.89
674,4.17
6362,3.87
722,4.04
7347,4.01
5375,4.27
1194,3.91
5513,4.24
4951,3.68
7912,3.96
1080,4.35
4904,3.79
3850,3.5
7351,3.64
5389,4.39
6008,3.99
2489,4.52
5385,3.71
1011,3.14
5361,4.29
7559,3.64
5504,4.19
3732,3.79
4150,3.91
386,4.16
612,3.91
4529,3.78
752,4.27
5252,4.58
2344,4.32
48,3.35
413,3.81
6731,3.8
1547,3.25
77,3.69
7999,3.67
4066,3.6
2019,4.38
6847,3.67
5178,4.14
4648,4.26
1331,4.18
7910,3.54
5686,3.73
2886,3.75
2804,4.13
6146,3.3
2692,3.8
4779,3.93
3569,3.45
2134,3.62
574,3.78
675,3.9
2549,4.23
4422,3.72
5841,3.94
4967,3.83
4241,3.78
5598,4.78
438,3.84
5989,4.45
5107,4.42
6219,3.76
6287,4.5
4663,3.46
4019,4.11
5945,4.36
4065,3.9
7393,3.79
195,3.43
3767,4.76
216,4.12
1762,4.34
1666,3.57
5281,4.5
7834,3.49
6832,4.12
7431,3.72
3562,4.03
4947,3.84
3333,3.48
4777,4.14
3559,3.5
2932,3.7
1780,4.14
1276,4.1
5258,3.86
1275,4.18
2182,4.14
5184,4.43
3433,4.09
2312,2.35
3666,4.23
7928,4.09
1377,3.89
2602,3.43
127,3.38
3831,3.63
6785,3.47
2885,3.64
5943,3.35
1923,4.25
1461,3.61
639,4.0
6931,3.76
1472,4.21
4197,3.9
7307,3.97
167,3.47
7929,3.81
5027,4.19
4263,3.48
362,4.36
5541,4.01
5346,5.0
5900,4.43
3436,4.15
5503,3.87
4589,3.58
2406,3.8
3325,4.1
615,4.06
4759,4.0
2621,3.78
2420,3.72
5929,4.1
3181,4.11
1559,4.16
7644,3.4
3725,3.11
301,3.89
4085,4.15
3606,3.45
6467,3.61
1117,4.46
7815,3.97
4547,3.68
3158,4.25
4912,3.51
4444,4.1
1133,3.99
7898,3.69
3450,3.55
2440,3.21
3347,3.08
6601,4.21
7868,3.87
7995,4.21
7597,3.92
5296,4.1
7699,3.64
4515,4.18
6237,4.16
4564,4.23
2169,4.26
2891,3.9
6530,4.36
883,4.18
739,4.22
2517,3.66
1989,4.35
1553,4.07
1562,3.36
5044,4.51
437,3.87
6987,3.73
7335,3.61
7948,4.06
3114,4.27
6860,3.69
679,4.45
1541,4.03
4989,3.68
310,3.83
2026,4.3
6176,3.85
5919,4.38
5422,4.81
5133,3.9
3533,3.84
1022,3.67
1890,4.11
7229,4.17
5307,4.36
7430,3.88
4594,3.93
4081,4.18
7593,4.62
6325,4.05
5940,3.99
6993,4.02
4437,4.21
1471,4.24
5444,3.88
5751,4.58
3991,4.09
4855,4.46
1793,3.96
7226,3.88
2105,3.5
4442,3.78
7491,4.26
1310,3.88
4602,3.33
6322,3.92
4018,3.78
4651,3.44
7406,4.48
4289,4.03
6060,3.88
4918,3.96
1370,2.98
5436,3.92
3083,3.76
7610,4.52
1065,3.86
215,4.5
6649,4.01
5603,3.77
6005,4.28
3987,4.2
243,3.81
5064,4.15
1956,3.99
5733,3.18
1424,3.79
4962,4.14
1882,4.23
1631,4.19
7998,3.76
6777,3.93
7752,4.16
3042,4.25
435,4.55
371,3.81
2861,4.39
3851,3.21
5581,3.85
3917,4.13
2956,3.82
7901,3.72
7803,4.21
4068,3.58
1067,3.24
5398,4.54
5186,4.65
5253,3.1
5125,3.88
5297,4.4
6812,3.45
1584,4.06
2958,3.91
5006,3.83
4667,3.18
3988,3.73
2998,4.36
1895,3.54
2445,3.88
5850,3.63
2951,4.16
4597,4.04
4179,4.16
1289,3.8
6426,3.98
3524,3.57
7720,3.65
6881,4.13
7389,4.34
2902,4.33
5066,4.26
3724,3.97
737,4.19
854,3.9
3773,4.21
1774,3.85
73,4.34
938,4.16
3372,3.65
187,3.71
3432,4.12
2639,4.47
665,3.68
1894,4.06
3846,3.87
6545,3.64
4281,3.91
7567,4.03
1050,4.03
3352,3.59
2077,3.77
7438,3.77
7137,4.13
2652,3.0
3373,3.79
4367,3.88
2230,3.2
7184,4.21
3519,3.69
1367,3.74
1563,4.28
5344,3.87
1873,4.02
7314,3.79
695,3.9
538,4.14
380,4.06
4804,3.93
4960,3.74
7570,3.85
5922,3.95
2788,3.68
2361,4.4
3443,3.98
3744,2.88
5714,4.12
6412,3.65
2914,4.22
261,4.13
3441,4.0
5394,4.0
7108,3.18
1907,4.2
4534,3.78
2893,4.12
6259,3.83
7630,3.92
5035,4.18
5981,4.13
3805,3.96
5648,4.19
2492,4.4
5552,4.64
4838,3.98
7400,3.51
7100,3.37
828,3.23
5667,4.29
1301,4.12
5675,4.31
1088,4.19
5096,4.14
2293,3.73
4015,3.99
2307,4.05
4277,3.67
7086,3.32
5861,3.91
1792,4.06
7033,3.86
4780,3.31
1148,3.57
4181,3.79
7546,3.74
5113,4.24
5814,4.4
7325,4.18
7235,4.59
2838,3.67
4484,3.59
5015,3.95
2147,4.06
7402,4.05
2604,3.66
7368,3.58
2181,3.89
5256,4.0
2564,4.16
3226,3.81
3803,4.07
7516,3.71
4504,3.85
6929,3.98
3134,3.77
5935,3.91
7188,4.33
2268,4.1
1977,3.88
1843,3.91
457,4.36
5443,4.38
2412,3.59
3957,4.15
7548,3.95
705,3.69
4966,3.49
2674,4.17
5208,4.03
598,4.51
3090,3.59
4293,3.54
3189,3.64
2324,4.12
2345,4.14
1177,3.55
259,4.25
7488,3.88
7695,3.57
4642,3.64
7146,3.59
7172,3.93
7508,4.02
3464,4.23
1945,3.76
4092,3.81
4649,3.98
946,3.83
2074,3.2
4259,3.71
3932,3.95
7775,3.78
667,3.54
5706,4.28
2751,3.56
407,4.17
6438,3.29
1517,3.89
7296,4.05
1692,4.16
1481,3.98
2718,4.04
1610,4.29
4608,3.93
795,4.29
4323,3.76
619,3.79
6994,3.86
1963,4.01
1609,4.41
4246,3.8
4497,3.68
2403,4.0
6367,3.97
5290,4.24
4448,3.61
1625,3.96
2507,3.82
2969,4.33
4893,3.63
7657,4.43
2251,4.02
1580,3.91
7926,3.6
1994,3.98
2066,4.0
1767,3.33
6780,4.33
515,3.94
2454,3.15
6265,3.99
789,3.41
2668,4.26
2383,4.15
5428,4.26
6242,3.76
1104,4.42
5199,4.14
7373,3.72
7175,4.34
1802,3.83
4349,3.33
5019,4.16
7039,3.57
5873,4.14
6915,4.02
1230,3.96
0,4.13
4936,3.87
3768,3.83
132,3.39
3364,4.05
7789,3.86
1264,4.05
6908,4.34
2734,3.71
6837,3.35
205,3.25
5931,3.6
3035,3.08
6811,3.99
4629,4.19
4990,3.36
2007,3.44
7718,4.1
5310,4.27
2088,4.46
5092,4.06
5115,4.07
721,4.19
4583,3.22
759,4.17
1140,4.01
6761,4.26
108,4.02
2714,4.39
6784,4.07
2388,3.9
5097,4.5
4157,4.18
2755,4.27
5140,3.82
3180,4.15
4806,3.64
241,3.88
7135,4.11
4937,3.67
7753,3.9
2124,4.28
6173,3.44
984,3.96
4203,4.36
148,4.0
7313,4.15
5550,4.5
5562,4.23
689,3.83
878,4.2
5189,4.22
6809,4.12
7267,4.74
6189,4.04
616,3.94
5544,4.28
6370,3.99
2550,4.29
93,3.7
3458,3.12
1485,4.04
473,4.06
4205,4.24
7095,3.41
5875,3.99
7243,3.76
1917,3.96
979,3.77
3274,3.18
767,4.12
5867,3.64
791,3.58
1809,3.83
857,2.33
815,3.84
206,4.1
5771,4.25
6021,3.44
3069,3.89
2052,3.87
1314,4.5
6103,4.02
5753,4.47
5062,4.12
935,3.68
4539,4.27
2275,4.42
6276,4.23
1012,3.39
1628,3.96
708,3.5
3280,3.86
3511,4.0
6679,3.86
251,3.86
7994,4.27
42,3.67
7837,4.14
2241,3.97
5805,4.37
4643,3.46
7553,4.04
5522,4.5
6000,3.89
7532,4.14
2991,4.01
1263,4.3
1420,3.88
6105,4.22
7111,3.68
3573,3.59
704,4.19
1757,3.57
1003,4.43
3043,4.07
1751,3.85
5327,3.85
2907,4.29
4974,3.78
2116,3.76
431,3.84
3654,3.74
7483,4.0
1881,4.06
7258,3.98
343,3.65
3170,3.45
4955,3.78
8000,3.84
1865,4.19
885,3.26
5117,3.0
6958,4.16
3878,4.08
988,3.83
1510,3.3
1958,3.86
6284,3.18
2828,3.8
4304,4.04
3461,3.93
6594,4.03
6555,3.64
6664,3.73
1961,3.46
842,3.0
5844,3.6
5404,4.24
2717,3.5
4916,3.57
5239,4.32
5856,4.44
5567,4.7
5794,3.7
7482,3.12
98,3.87
1315,3.42
226,3.79
3290,3.53
4324,3.51
4023,4.14
5286,3.87
88,3.62
7781,3.7
6085,3.86
314,3.44
1375,4.07
377,3.65
602,3.23
5520,3.97
1853,4.03
4778,4.5
817,3.87
7777,3.71
7627,4.02
1742,3.97
5767,4.67
2965,3.6
868,3.93
1822,3.0
2370,3.52
4749,3.7
5380,4.08
6415,3.7
313,4.28
2808,3.99
5628,3.81
1362,3.67
4418,3.93
403,3.81
2927,4.23
2126,4.16
6605,3.83
2302,4.0
7452,4.41
5010,4.09
3592,4.21
443,3.46
4546,3.85
458,3.8
4127,4.04
4251,3.92
7572,3.69
971,3.39
4128,3.54
6072,3.12
5897,3.33
6419,4.29
7290,4.07
2943,3.77
5543,4.14
2257,4.1
7723,4.67
1360,2.95
1671,3.95
2100,3.88
1749,4.07
7006,3.58
4305,3.84
1899,3.6
6857,4.04
691,3.33
5381,4.52
4341,3.68
3539,3.27
1754,4.13
7988,3.63
6305,4.2
3879,4.29
6455,3.32
469,3.62
5240,4.15
7211,3.31
7053,3.52
4280,3.96
6747,3.9
5411,4.14
1332,4.08
6288,4.43
3868,3.33
7932,3.8
5744,4.14
2761,4.23
80,4.0
7210,3.87
1617,3.29
3720,3.77
6897,3.23
5560,4.8
7127,3.28
4137,3.9
1298,4.21
5194,3.71
5329,3.29
2050,3.55
5182,3.45
1725,3.55
4745,3.75
6720,4.01
2152,4.49
6157,3.83
7239,2.77
2623,3.72
7828,3.92
6701,3.72
3294,3.88
7194,3.54
6868,4.21
5284,4.2
7973,3.86
5321,4.13
7176,3.77
7857,3.75
5969,4.22
3370,4.58
3154,4.39
6759,3.94
1460,3.91
1717,4.59
5674,4.0
2984,4.42
6348,3.06
7381,4.1
6262,3.85
6714,4.06
832,4.12
1944,3.34
3802,4.18
4472,3.97
5566,4.5
7739,3.91
5964,3.85
5548,4.09
1431,4.21
7523,3.79
1820,3.72
633,4.36
3489,3.87
6713,4.17
5640,3.72
5153,4.21
7251,3.78
2524,3.6
4168,3.47
5568,4.0
3952,4.37
7571,3.85
5690,4.0
5238,4.0
5298,4.43
2913,4.25
698,3.67
1969,4.18
1545,3.5
764,4.21
2292,4.28
5653,3.95
3039,3.55
1591,2.85
7578,3.3
6726,3.76
6883,3.15
5779,4.73
5481,3.95
808,3.92
4215,3.66
6767,4.07
2545,4.2
2850,3.33
6439,3.29
7232,3.93
4849,3.37
1476,4.26
618,4.13
428,3.81
2142,3.92
6563,3.95
5232,4.4
1356,3.86
4693,4.04
7263,4.38
7392,3.65
1587,4.31
4691,3.69
1927,4.22
4268,4.07
2176,2.0
1349,4.57
5999,4.17
3871,3.95
4297,3.76
7340,4.01
4194,4.53
5409,4.06
351,4.23
3541,3.97
2149,3.7
97,3.71
6946,3.91
7385,3.31
2188,3.87
4047,3.58
3940,4.34
1807,3.97
3146,4.51
4614,3.65
4032,3.16
542,4.03
3434,3.93
1960,4.4
2633,3.42
3051,2.68
2942,3.93
4016,3.74
64,3.84
4211,4.24
1187,4.22
1659,4.06
2046,3.14
2394,4.23
7985,3.74
7822,4.08
950,4.44
5292,4.31
7959,3.99
6794,3.76
4206,3.37
3951,4.12
3605,4.07
7979,4.06
142,4.07
5378,4.61
424,3.93
2616,3.5
4026,3.85
135,4.12
5724,4.3
1933,3.88
5820,4.21
981,3.86
1981,3.71
629,3.46
6101,4.46
6220,3.87
4694,3.83
1418,3.86
867,3.76
5162,4.6
5135,3.6
3029,4.05
3593,3.93
361,3.85
6728,3.73
3780,3.65
6145,4.12
1581,3.7
1492,4.1
2925,3.92
2795,3.0
2139,4.41
7323,3.53
2884,3.87
1683,3.83
5174,3.13
1906,3.97
7023,3.91
1839,3.37
